tp,fp,fn,tn,precision,recall,f_measure,mcc,precision@15,precision@20,precision@n_positives,threshold,tp_proteins,fp_proteins,fn_proteins
25.0,0.0,4.0,3411.0,1.0,0.8620689655172413,0.9259259259259259,0.9279327677624889,1.0,1.0,0.8620689655172413,0.7274176040881968,"['PCNA', 'NCOA3', 'CLU', 'NFKB1', 'PGR', 'PRL', 'MMP14', 'PRKD1', 'CYP7B1', 'CYP19A1', 'STK11', 'MUC2', 'HSPA8', 'GRB7', 'GPX3', 'OGG1', 'ID3', 'DDR1', 'TPM3', 'ALOX5', 'SOD2', 'ACE', 'RUNX3', 'RARB', 'GAST']",[],"['ATP2B2', 'CDC16', 'ANAPC5', 'CLNK']"
63.0,10.0,7.0,3360.0,0.863013698630137,0.9,0.881118881118881,0.8787983412207651,0.9333333333333333,0.95,0.8857142857142857,0.2516682586184125,"['EGFR', 'GABRG2', 'SLC22A9', 'ICAM1', 'COPS5', 'HSPA9', 'TERF2IP', 'SNCA', 'CSNK2A2', 'RACK1', 'GHSR', 'CFTR', 'TACR1', 'IL17A', 'HGS', 'GABRA1', 'GABRB2', 'A2M', 'PSMD2', 'PDZD3', 'GGT1', 'OPRL1', 'CHRNA3', 'SPG21', 'EPS15', 'NTSR1', 'GABRB3', 'HLA-DRA', 'REN', 'GRIN1', 'GEMIN4', 'AKR1C4', 'GAPDH', 'SLCO3A1', 'DRD4', 'CYP2B6', 'TKT', 'PHLDA2', 'RIOK3', 'KPNA3', 'RGS4', 'ITM2A', 'TAGLN3', 'NRDC', 'CARTPT', 'GGH', 'PPIC', 'CHRM2', 'TFAP2B', 'EPHA8', 'PHF3', 'SLC46A1', 'ADH5', 'CDH11', 'HNMT', 'CHRNB3', 'FTO', 'CDH13', 'CRHBP', 'TPH1', 'NRXN3', 'CDH10', 'ANKK1']","['SLC9A3R2', 'STX1A', 'WDR5', 'CEP152', 'HSP90AB1', 'GPHA2', 'FN1', 'KAT5', 'KRTAP10-8', 'CEACAM6']","['IL6R', 'NR4A2', 'MTHFR', 'PPP1CC', 'MRPL9', 'PLEKHA1', 'RABEPK']"
26.0,0.0,4.0,3410.0,1.0,0.8666666666666667,0.9285714285714286,0.9304038048031559,1.0,1.0,0.9,0.6322111674680816,"['NR3C2', 'SLC9A1', 'PCK2', 'PDK2', 'CCL5', 'IL6R', 'PRKCA', 'PDK4', 'PFKM', 'CCL20', 'MAP3K5', 'SGTB', 'S1PR4', 'NQO1', 'CD68', 'ADRB3', 'ATF3', 'MYOC', 'SLC2A2', 'REN', 'UCP2', 'ACE', 'BCL2', 'NOS3', 'SOD2', 'NOS2']",[],"['LEP', 'FANCL', 'CYB5B', 'HEY1']"
21.0,0.0,4.0,3415.0,1.0,0.84,0.9130434782608696,0.9159788515614052,1.0,1.0,0.88,0.593900725143869,"['RPL10A', 'VLDLR', 'PYY', 'C5AR2', 'ATP5F1A', 'AMFR', 'GSK3B', 'MS4A4A', 'CASS4', 'RADIL', 'CHRNB2', 'INPP5D', 'CRH', 'ACHE', 'ABCA7', 'IQCK', 'TF', 'C9', 'SLC2A4', 'BACE1', 'SOD2']",[],"['TNF', 'PRDM2', 'CDK11A', 'BEX2']"
15.0,0.0,1.0,3424.0,1.0,0.9375,0.967741935483871,0.9681044764756864,1.0,0.75,0.9375,0.4418584069020425,"['OPTN', 'PRPH', 'DBR1', 'ANG', 'SETX', 'ATXN2', 'CCNF', 'NEFH', 'GSR', 'MOBP', 'CAMK1G', 'ARHGEF28', 'TAF15', 'HTR3A', 'PTGS2']",[],['NOTCH2NLA']
46.0,5.0,4.0,3385.0,0.9019607843137255,0.92,0.9108910891089109,0.9096095155232011,1.0,0.95,0.9,0.2701182465180518,"['APP', 'CDC5L', 'QSOX1', 'HSCB', 'PPM1B', 'REL', 'OPTN', 'TRAF1', 'TRAF6', 'CCL21', 'IL2RA', 'CXCL6', 'HSPB2', 'CDK6', 'NR4A3', 'EP300', 'NCF1', 'GDF5', 'IL6R', 'CCL8', 'CRP', 'ADAMTS2', 'PLB1', 'FOXP3', 'IRAK1', 'LCN2', 'PXK', 'CD28', 'RAP2A', 'STEEP1', 'PRDM1', 'CITED2', 'ANKRD55', 'HOXD10', 'CAT', 'MPO', 'STS', 'PTGS2', 'IL18', 'BMP4', 'CTLA4', 'HLA-DRB1', 'ABCG2', 'GGH', 'ABCC3', 'CXCL8']","['RBCK1', 'S100A4', 'C1orf43', 'FOXN2', 'HSP90AB1']","['MTHFR', 'PRTFDC1', 'AKAP8', 'ATP1B1']"
14.0,0.0,3.0,3423.0,1.0,0.8235294117647058,0.9032258064516129,0.9070878031825806,0.9333333333333333,0.7,0.8235294117647058,0.7738588438693818,"['UBQLN1', 'CALM1', 'ALOX5', 'GSTM3', 'VCAM1', 'SLC16A2', 'SOCS3', 'IL6ST', 'APOA4', 'NPC1', 'NCF1', 'CRP', 'ADIPOQ', 'PPARG']",[],"['BCAS2', 'TUBGCP4', 'SH2B1']"
38.0,3.0,4.0,3395.0,0.926829268292683,0.9047619047619048,0.9156626506024096,0.9147009578831569,1.0,1.0,0.9047619047619048,0.44121181319781366,"['PLEC', 'FZD7', 'SOX10', 'MTUS2', 'UBQLN4', 'CKAP4', 'CAPN1', 'NEBL', 'HSPB2', 'GJA5', 'TTN', 'CASQ2', 'CALM2', 'UST', 'GOSR2', 'ASAH1', 'GYPC', 'SCMH1', 'FBXO32', 'KCNE2', 'ZNF462', 'ZFHX3', 'RBM20', 'DPF3', 'COG5', 'IRF2BPL', 'NKX2-5', 'PHLDB2', 'WIPF1', 'SPATS2L', 'SOX15', 'MEX3C', 'FGF5', 'SSPN', 'RPL3L', 'AKAP6', 'HERC1', 'NOS3']","['H1-5', 'PCGF6', 'CUL3']","['CDC37', 'AP1B1', 'CAPN10', 'COL1A2']"
57.0,7.0,12.0,3364.0,0.890625,0.8260869565217391,0.8571428571428571,0.8549592589921157,1.0,1.0,0.8405797101449275,0.4832039446269529,"['HSPA5', 'MUC7', 'AP1M1', 'IL5RA', 'CRK', 'SEC22C', 'MYO1D', 'VLDLR', 'ACTN2', 'AVP', 'PAX6', 'GDPD1', 'IL5', 'H2AX', 'GOLPH3L', 'STATH', 'GNG2', 'IL4', 'PRL', 'LZTR1', 'GJA1', 'DLGAP2', 'SHANK2', 'HTR3C', 'STK39', 'CUL7', 'GABRA1', 'ROBO4', 'JAKMIP1', 'BTD', 'TBR1', 'GABBR1', 'ADNP', 'SHANK1', 'MEF2C', 'DNAJC5', 'GABRA4', 'CSDE1', 'FBXO40', 'JMJD1C', 'SNTG2', 'ASIC2', 'FARP2', 'IL1RN', 'ROBO2', 'DMD', 'NTF4', 'PRKCB', 'RELN', 'GRIA1', 'POMC', 'GPX1', 'CNTN4', 'CDH9', 'IL2', 'TPH2', 'SCAMP5']","['PTPRO', 'KRTAP7-1', 'ATRIP', 'ABLIM1', 'DCAF12', 'KDM1B', 'GTPBP1']","['NOS2', 'BDNF', 'CHRNA4', 'PLAUR', 'DRD3', 'HTR2A', 'IL6', 'PGRMC2', 'C8orf33', 'DUSP16', 'HTR2B', 'ALG1']"
29.0,1.0,4.0,3406.0,0.9666666666666667,0.8787878787878788,0.9206349206349207,0.9209672784601663,1.0,1.0,0.8787878787878788,0.4297807230501214,"['APP', 'CYP3A4', 'TP53', 'MMP2', 'USP7', 'MMP9', 'TNF', 'PABPC1', 'MYC', 'FANCC', 'IGF1', 'MT2A', 'ENO2', 'GSTM1', 'ANKFY1', 'PRDM2', 'IFNA2', 'MT3', 'MTHFR', 'KLF5', 'SOD2', 'ERBB3', 'ERCC2', 'GPX1', 'MT1A', 'KMT2C', 'TRPV1', 'NQO1', 'NOTCH1']",['PYCARD'],"['ADRA1A', 'CLDN7', 'TCAP', 'EIF2S1']"
28.0,0.0,5.0,3407.0,1.0,0.8484848484848485,0.9180327868852458,0.920457204361466,1.0,1.0,0.8787878787878788,0.5735908973428095,"['ESR1', 'IFNAR1', 'OTP', 'TFAP2A', 'USP7', 'GABARAP', 'TNKS1BP1', 'TSC1', 'NCOR1', 'RASSF1', 'TFRC', 'SRC', 'SMC1A', 'KRT16', 'PPP3CC', 'BIRC3', 'PRDM2', 'LOXL1', 'HMGN5', 'CHD6', 'KDM6A', 'AQP3', 'ERCC4', 'MTOR', 'TRPV1', 'CREBBP', 'NOTCH2', 'ERBB3']",[],"['PTGS2', 'DNM1', 'BIRC7', 'DNAJC13', 'AURKB']"
26.0,1.0,6.0,3407.0,0.9629629629629629,0.8125,0.8813559322033898,0.8835705979423685,1.0,1.0,0.8125,0.28093087252005106,"['CDK15', 'ATF2', 'SKP2', 'SRF', 'LIN28A', 'VDR', 'IL2RG', 'E2F1', 'PLEKHS1', 'APOBEC3A', 'AHR', 'TNFRSF10A', 'CCNE1', 'SOD2', 'VHL', 'MRE11', 'AKT2', 'GSTT1', 'EPHA3', 'DCUN1D3', 'TRPV1', 'TPMT', 'CUX1', 'FGFR1', 'CD274', 'PTEN']",['HTT'],"['AARSD1', 'RPS11', 'GPR37', 'HPCAL1', 'MMP2', 'EFEMP1']"
37.0,0.0,4.0,3399.0,1.0,0.9024390243902439,0.9487179487179488,0.9494094308476394,1.0,1.0,0.9024390243902439,0.6483641399920255,"['PTGIS', 'MDFI', 'VHL', 'PDIA3', 'CSF2RA', 'KAT5', 'COMMD1', 'TMEM237', 'ESR2', 'MATN3', 'HNRNPA1', 'HIF1A', 'CNN3', 'PPARA', 'CDK4', 'RPL3', 'SNCG', 'ACSL1', 'RASA1', 'SCGB1A1', 'PSME1', 'RBP1', 'ABCB1', 'VAMP8', 'ALCAM', 'XDH', 'TUBB2B', 'EIF5A', 'CSN3', 'BASP1', 'SELENOP', 'ACKR3', 'TLR4', 'ESR1', 'EZR', 'PTEN', 'ANXA4']",[],"['WSB1', 'EXOSC5', 'ADRM1', 'MRPL32']"
37.0,1.0,4.0,3398.0,0.9736842105263158,0.9024390243902439,0.9367088607594938,0.9366661327049197,1.0,1.0,0.9024390243902439,0.5378933148376445,"['TP53', 'TNFRSF1A', 'TBC1D22B', 'NARS1', 'SIGLEC6', 'SART1', 'YBX1', 'TGFBR2', 'DMBT1', 'BAP1', 'FBP1', 'F5', 'BAK1', 'SLC16A1', 'KCNH2', 'NOS2', 'EOMES', 'MECOM', 'CACNA2D1', 'NOX4', 'MAOB', 'NDRG2', 'TRMT11', 'MTHFR', 'SERPINB5', 'LGR5', 'CCND2', 'MTOR', 'AXIN2', 'KLRG2', 'IGF2', 'XAF1', 'DPYD', 'BAAT', 'LRRC57', 'PTGS2', 'IGFBP1']",['KAT5'],"['C1orf216', 'MNAT1', 'SMCHD1', 'ADAMTS10']"
14.0,0.0,0.0,3426.0,1.0,1.0,1.0,1.0,0.9333333333333333,0.7,1.0,0.8114671552754285,"['ERBB3', 'HIF1A', 'MMS19', 'TYR', 'AKT1', 'SHC2', 'PTK2B', 'GJB2', 'AIRE', 'GJA1', 'GSTT1', 'MMP9', 'IGF1', 'LORICRIN']",[],[]
34.0,8.0,4.0,3394.0,0.8095238095238095,0.8947368421052632,0.8500000000000001,0.8493271759785394,0.8,0.85,0.8157894736842105,0.28359835897943036,"['NEK4', 'EGFR', 'FN1', 'ABL1', 'JPH3', 'RB1', 'CSF3R', 'VEGFA', 'KDR', 'TBC1D22B', 'NFE2L2', 'ALK', 'TMEM161A', 'ABCB1', 'E2F3', 'CARD18', 'MTOR', 'PGAM1', 'E2F7', 'PHLDA2', 'NKX2-1', 'PHGDH', 'CST6', 'TGFA', 'ZNF462', 'AVEN', 'RRAD', 'DAPK1', 'FASLG', 'TERT', 'MET', 'FOXM1', 'CXCL8', 'HES1']","['SAPCD2', 'RTN4', 'RAD23A', 'IL1A', 'TAS2R7', 'ALOX5AP', 'HTT', 'HSCB']","['MAPK9', 'SIN3A', 'ACTA1', 'PDCD1']"
32.0,0.0,4.0,3404.0,1.0,0.8888888888888888,0.9411764705882353,0.9422555874447995,1.0,1.0,0.8888888888888888,0.380732141954469,"['PYCARD', 'HSPA5', 'M6PR', 'ALAD', 'ALDH2', 'GSTT1', 'MANF', 'TOX4', 'IL13', 'FMN2', 'TFE3', 'CTSD', 'PNKD', 'TAGLN2', 'FLCN', 'SLC2A1', 'CTSB', 'INPP4B', 'PGK1', 'PEBP1', 'SLC5A3', 'DNHD1', 'CSMD3', 'OGG1', 'DAPK1', 'MAP3K5', 'CASP8', 'BIRC5', 'PRAME', 'NDRG1', 'PTEN', 'MET']",[],"['SUMO1', 'KLHL12', 'SC5D', 'SEC61A1']"
26.0,3.0,5.0,3406.0,0.896551724137931,0.8387096774193549,0.8666666666666666,0.8659846948480628,1.0,1.0,0.8709677419354839,0.4982388283322323,"['GAPDHS', 'ADRB2', 'FN1', 'HDAC1', 'SMAD2', 'SAE1', 'CSNK2B', 'RACK1', 'CREBBP', 'CSNK2A2', 'FECH', 'KRT1', 'CCL2', 'TSC1', 'RAD52', 'XPA', 'DDB2', 'TGFB1', 'CEBPA', 'SERPINB3', 'ANXA5', 'SPRR1A', 'DDR2', 'FGFR1', 'AREG', 'PTGS2']","['DCAF6', 'SMC1A', 'COPS5']","['CXCL8', 'YBX1', 'RUNX2', 'RUVBL1', 'POLD1']"
14.0,2.0,1.0,3423.0,0.875,0.9333333333333333,0.9032258064516129,0.9032625878643865,0.8666666666666667,0.7,0.8666666666666667,0.8661680786193846,"['SQSTM1', 'MYH9', 'PSORS1C2', 'TP53', 'PDLIM3', 'MYL2', 'GAA', 'BOP1', 'MYL4', 'MYLK2', 'MYL7', 'INS', 'IDH2', 'MYBPC3']","['YIPF5', 'RAD23A']",['SSBP1']
22.0,6.0,5.0,3407.0,0.7857142857142857,0.8148148148148148,0.7999999999999999,0.7985229491350937,0.8666666666666667,0.75,0.7777777777777778,0.5804669813741837,"['CRKL', 'BAG6', 'PPP1CC', 'CTNNB1', 'SOD1', 'NOTCH1', 'VIM', 'APC', 'TRIM71', 'CCR5', 'ZEB1', 'NSD2', 'IL7R', 'SNAI1', 'SLC40A1', 'TLX1', 'EDN1', 'CXCR4', 'LGALS3', 'TP63', 'EGF', 'CAT']","['CRK', 'ARF1', 'UBE2S', 'MACROD1', 'APP', 'CUL3']","['SOD2', 'KRTAP10-8', 'PKM', 'TOP1', 'HEL25']"
15.0,0.0,2.0,3423.0,1.0,0.8823529411764706,0.9375,0.9390621377646331,1.0,0.75,0.8823529411764706,0.8168042682607394,"['STAT3', 'SOD1', 'ALB', 'CXCL10', 'IL18', 'ADD3', 'PLAU', 'COL18A1', 'DIABLO', 'IL12RB1', 'GPX1', 'C9', 'ICAM1', 'IL1B', 'IL6']",[],"['SOX4', 'EPS8L2']"
21.0,3.0,2.0,3414.0,0.875,0.9130434782608695,0.8936170212765957,0.8930905726700711,0.8666666666666667,0.9,0.8695652173913043,0.5280709008184542,"['BMP2', 'FGFR3', 'IRF6', 'COL2A1', 'RFX3', 'DMPK', 'STIP1', 'KCNJ2', 'RPL11', 'RPS26', 'FZD4', 'COL11A2', 'MYC', 'MNT', 'MDH1', 'SIM2', 'FGFR1', 'EGF', 'TSR2', 'FGF10', 'IL24']","['RRS1', 'SDC3', 'CCNB1']","['NOP56', 'PRKCI']"
22.0,0.0,7.0,3411.0,1.0,0.7586206896551724,0.8627450980392156,0.870095999696284,1.0,1.0,0.9310344827586207,0.7172223025418502,"['NCL', 'HTT', 'GPR35', 'SNCA', 'GHSR', 'FOS', 'GAD2', 'CALM2', 'PRL', 'PPIB', 'CCKBR', 'SCARB1', 'TYK2', 'JUND', 'CES2', 'ADRA1A', 'CRHR2', 'PENK', 'GHRL', 'TACR3', 'OPRK1', 'HTR2C']",[],"['PLP1', 'KMO', 'DNAJA3', 'GEMIN5', 'CRELD1', 'KRT34', 'STIP1']"
36.0,1.0,4.0,3399.0,0.972972972972973,0.9,0.935064935064935,0.9350571975943278,1.0,1.0,0.925,0.5707717675974565,"['RBBP5', 'TP53', 'CCL5', 'RELA', 'KDM1A', 'NARS1', 'MVP', 'SERP1', 'SART1', 'HSPA2', 'YBX1', 'DMBT1', 'SERTAD1', 'ERLIN2', 'F5', 'LTF', 'ACTA2', 'NOTCH1', 'SLC25A23', 'RCOR1', 'TP53BP1', 'PRR5-ARHGAP8', 'KAT5', 'AURKA', 'GUCY1A1', 'CBR1', 'TNFRSF9', 'ITGA7', 'PTP4A3', 'MACIR', 'LGR5', 'TNF', 'DPYD', 'PLCB1', 'PTGS2', 'BIRC5']",['SETDB1'],"['TNFSF10', 'CYB5R3', 'HMBOX1', 'ARHGAP35']"
59.0,11.0,10.0,3360.0,0.8428571428571429,0.855072463768116,0.8489208633093526,0.8458285641789367,0.8666666666666667,0.85,0.855072463768116,0.40328615044448884,"['CUL3', 'MLH1', 'ILK', 'AKT1', 'GRB2', 'DEDD', 'CTNNB1', 'MYC', 'ESR2', 'SMAD4', 'PSMG4', 'GSTM3', 'TGFB1', 'FLNC', 'CTBP1', 'TRMO', 'NTNG1', 'KIAA1522', 'STRAP', 'KDR', 'ZER1', 'PPM1E', 'TRPM7', 'GSTM1', 'ABCD4', 'FAT1', 'ICAM5', 'COL7A1', 'EVL', 'ABCE1', 'POLD3', 'SOX17', 'POSTN', 'TXNRD1', 'SESN2', 'RRM2', 'RHPN2', 'NAMPT', 'CDH1', 'CNPPD1', 'ABCB6', 'ABCC6', 'CDH7', 'ABCA12', 'CSF2', 'ABCB11', 'ZMIZ1', 'GUCY1A2', 'DHFR', 'ANP32A', 'ZNF569', 'TFPI2', 'ABCA13', 'RASL11A', 'IL6ST', 'IGF2', 'SCO2', 'BCL2', 'PIK3CA']","['APP', 'MEOX2', 'HNRNPLL', 'BLMH', 'NDUFA10', 'NCOA6', 'PYCR2', 'S100A11', 'FGF21', 'CDC5L', 'YWHAZ']","['PRKCB', 'DPAGT1', 'ERCC2', 'CTSD', 'IGF2BP2', 'TBC1D1', 'RAPGEF3', 'CORO7', 'PDPR', 'SH2D5']"
24.0,4.0,3.0,3409.0,0.8571428571428571,0.8888888888888888,0.8727272727272727,0.8718484241504352,0.8666666666666667,0.85,0.8518518518518519,0.6530824697700894,"['HSPD1', 'GFAP', 'CREBBP', 'EZR', 'TOP2A', 'EGFR', 'MORF4L1', 'GML', 'EP300', 'GAS6', 'GINS2', 'ERBIN', 'CDH1', 'VCAN', 'GUCY1A1', 'ZIM2', 'BCL11A', 'GAS2', 'SOX11', 'MLC1', 'XAGE1A', 'KDM6A', 'MYCN', 'CCND1']","['BRMS1L', 'AFDN', 'ARL6IP1', 'AGTRAP']","['PIK3CA', 'MTREX', 'INSM1']"
21.0,1.0,3.0,3415.0,0.9545454545454546,0.875,0.9130434782608695,0.9133346062684922,1.0,1.0,0.875,0.5905557561186552,"['NPY1R', 'NPY', 'APOE', 'HLA-DRB1', 'RELN', 'NCSTN', 'P4HB', 'APOC1', 'AMFR', 'RADIL', 'PHGDH', 'TPI1', 'TREM2', 'CHRNB2', 'VEGFA', 'NOS3', 'C9', 'IGF2R', 'BACE1', 'BAX', 'IGF1']",['COPS5'],"['SOD2', 'BNIP2', 'ITGB3']"
50.0,23.0,17.0,3350.0,0.684931506849315,0.746268656716418,0.7142857142857143,0.7090408879087553,0.9333333333333333,0.95,0.7164179104477612,0.17128069640843893,"['GRB2', 'HTT', 'BAG6', 'PPP1CC', 'WFS1', 'GRN', 'YWHAZ', 'CRHR1', 'SOD1', 'HCN1', 'PCDHB5', 'HDAC6', 'MEOX2', 'GHR', 'DGKB', 'ATP1A3', 'DLG4', 'A2M', 'ADRB1', 'PDE1B', 'RNF123', 'SLC1A1', 'NR3C1', 'EIF1AX', 'CRHR2', 'SYN1', 'ADCYAP1', 'RORA', 'MC1R', 'IDO1', 'VEGFA', 'SLC29A3', 'GH1', 'SOD2', 'CHN2', 'PDE4D', 'CHRM2', 'GABRA6', 'CXCR2', 'S100A10', 'PENK', 'CDH13', 'GAD1', 'HDAC2', 'NR3C2', 'GRIK3', 'GABRB3', 'APRT', 'TH', 'CLOCK']","['KRT31', 'UBQLN1', 'PTPN11', 'HSP90AB1', 'SCRIB', 'MAGEA10', 'SYNC', 'YWHAB', 'H2AZ1', 'SRC', 'RARG', 'ALPP', 'HSPA8', 'ATF5', 'CDC5L', 'HSF2BP', 'TRAF2', 'PDLIM7', 'PCNA', 'OPTN', 'YWHAE', 'TRIM54', 'MDM2']","['BDNF', 'CNR1', 'ZNF556', 'IL6', 'POMC', 'IL1B', 'HRAS', 'REN', 'GRM7', 'RBBP8', 'GIMAP1', 'PGAM5', 'PHF5A', 'CTPS2', 'MPZL2', 'PTF1A', 'SAT2']"
62.0,10.0,13.0,3355.0,0.8611111111111112,0.8266666666666667,0.8435374149659863,0.8403055898400995,0.9333333333333333,0.9,0.8266666666666667,0.3889196206561813,"['CREB3', 'PPT1', 'FGF9', 'PICK1', 'GPR35', 'BRCA1', 'HCN1', 'GSTM1', 'CAV1', 'SSR3', 'HDAC6', 'CRY2', 'COCH', 'ATXN3', 'TMX4', 'RAC1', 'FGFR2', 'NOS3', 'MYLK2', 'FGF20', 'GNB1', 'MC4R', 'NGF', 'P2RX7', 'CPLX1', 'BAG1', 'IGFBP4', 'ATF4', 'SERPINA6', 'RNF123', 'NR3C1', 'GRID1', 'ATP1A3', 'ADCYAP1', 'ALB', 'NEFM', 'GRIA3', 'STMN1', 'RORA', 'ADCY8', 'IDO1', 'OR7D4', 'HCRT', 'YEATS4', 'ADORA2A', 'SFXN5', 'ITPKB', 'FTO', 'RELN', 'GNG8', 'LRP8', 'MED12', 'ALK', 'TRH', 'GRIN2A', 'GHRL', 'PDE4B', 'GRIK3', 'CHRNB3', 'RGS1', 'SRD5A1', 'GALR2']","['KRT31', 'FYN', 'SCRIB', 'GGA1', 'YWHAB', 'RASSF2', 'RPS12', 'LEO1', 'TRIM65', 'LRRFIP2']","['CNR1', 'PDYN', 'MAOA', 'DBH', 'SLC6A2', 'ISG15', 'ADCY5', 'HTR3B', 'PSMD7', 'ZC3HAV1', 'BAIAP2L1', 'IFNA4', 'DAPL1']"
30.0,1.0,0.0,3409.0,0.967741935483871,1.0,0.9836065573770492,0.9835944998803484,1.0,1.0,0.9666666666666667,0.5855356857957303,"['NR3C2', 'BAG6', 'DAXX', 'CCL5', 'PDK2', 'CHRM2', 'MDH1', 'IL6R', 'VEGFA', 'TEAD1', 'S1PR2', 'PTPRZ1', 'ESRRA', 'S1PR4', 'S1PR5', 'GSR', 'MFGE8', 'GPAM', 'INSR', 'CAV1', 'CYBA', 'PDX1', 'KCNJ11', 'S100A6', 'IAPP', 'PRKCD', 'SLC2A4', 'BCL2L1', 'HSD11B1', 'CAT']",['BOD1'],[]
37.0,3.0,6.0,3394.0,0.925,0.8604651162790697,0.891566265060241,0.8908402920345134,0.9333333333333333,0.95,0.9069767441860465,0.337784627511279,"['HTT', 'SSRP1', 'IDE', 'KPNA2', 'WFS1', 'DAO', 'GCKR', 'TNIK', 'CASP8', 'RAD9A', 'SMAD5', 'PDX1', 'MTNR1B', 'HBA1', 'HNF4A', 'PROX1', 'C3', 'GPX7', 'PAX4', 'NRXN3', 'ITLN1', 'UBE2E2', 'CCND2', 'AKT2', 'NKX6-1', 'CNKSR2', 'SFRP4', 'MAPK8IP1', 'ZFAND3', 'AUTS2', 'MAT1A', 'HLA-DRB5', 'FAM234A', 'ZNF257', 'CAV1', 'EDN1', 'TNF']","['NCOR2', 'FAM110A', 'HIBCH']","['GCG', 'ICAM1', 'FRS3', 'TCF20', 'ST7', 'PKP1']"
20.0,1.0,5.0,3414.0,0.9523809523809523,0.8,0.8695652173913043,0.8720414988545624,1.0,0.95,0.84,0.8097990766600336,"['CSF2RB', 'A2M', 'ALB', 'PDZK1', 'CAV1', 'VKORC1', 'PDIA3', 'ACTBL2', 'MAP1B', 'TOP1', 'METRN', 'EPHA7', 'SLC19A1', 'ATIC', 'ACHE', 'CSF3', 'TF', 'ABCB1', 'ABCC2', 'PTGS2']",['ICAM1'],"['CYP2C9', 'LSM3', 'DKK3', 'STAM2', 'SETD1A']"
22.0,1.0,2.0,3415.0,0.9565217391304348,0.9166666666666666,0.9361702127659574,0.9359461631452559,1.0,1.0,0.9166666666666666,0.46745551581118305,"['H2BC21', 'HSP90AB1', 'CREB3', 'RGS2', 'ACTB', 'GTPBP2', 'SYP', 'RELL1', 'ATP1A3', 'DLAT', 'TPK1', 'RNASEH2C', 'PDGFRB', 'TH', 'FOXRED1', 'MCOLN1', 'KMT2B', 'MYORG', 'WDR45', 'FOXG1', 'FA2H', 'KCNQ2']",['SLC22A9'],"['TBRG4', 'SHISAL2A']"
13.0,0.0,3.0,3424.0,1.0,0.8125,0.896551724137931,0.9009931944827503,0.8666666666666667,0.65,0.8125,0.6092673314632489,"['ESR1', 'UBA1', 'FBXO45', 'MTHFR', 'CCL2', 'FN1', 'IGF1R', 'TSPYL2', 'VEGFA', 'SRSF10', 'ARID1A', 'HOXA10', 'ZEB1']",[],"['POLR2H', 'DDX27', 'GGN']"
42.0,0.0,4.0,3394.0,1.0,0.9130434782608695,0.9545454545454545,0.9549705111818968,1.0,1.0,0.9347826086956522,0.6448423244099053,"['MEOX2', 'CXCL11', 'CUL3', 'HNF1A', 'THRA', 'CHI3L1', 'PON2', 'PPM1B', 'CALD1', 'APOE', 'FADD', 'EP300', 'FBN1', 'RNF14', 'GPX3', 'CD55', 'ITGB1', 'MAPK9', 'RHBDL1', 'C1R', 'MTA1', 'CD226', 'KLK9', 'ARNT', 'ITGA2', 'PTGFR', 'DKK1', 'STC2', 'IFIT1', 'HBEGF', 'HERC5', 'NDNF', 'CCNE2', 'ABCC4', 'SLC7A8', 'TGFB1', 'ABI3BP', 'HTR2A', 'NTRK3', 'PTGS2', 'PLA2G2A', 'IL10']",[],"['NR3C2', 'KRTAP19-5', 'AURKAIP1', 'CLPTM1L']"
31.0,3.0,1.0,3405.0,0.9117647058823529,0.96875,0.9393939393939394,0.9392471894834684,1.0,1.0,0.9375,0.3014586508515785,"['HSCB', 'FGF14', 'CBFB', 'FLNA', 'PCDHGB1', 'P2RX4', 'VDAC1', 'TXNRD1', 'GRIN2A', 'VDAC2', 'SLC1A3', 'SLC4A10', 'L2HGDH', 'ALB', 'CHD2', 'DDX3X', 'CHRM1', 'FOSB', 'PIGQ', 'POMC', 'GPX1', 'GRIN2B', 'NR2C2', 'ACTG1', 'CACNA2D2', 'EIF2S3', 'ZDHHC9', 'PCDH12', 'KCNT2', 'SLC1A2', 'SLC5A6']","['HLA-A', 'SLC34A1', 'PHB']",['RFK']
18.0,0.0,2.0,3420.0,1.0,0.9,0.9473684210526316,0.9484060268775449,1.0,0.9,0.9,0.6995287846171305,"['AURKA', 'CD109', 'LGALS3', 'WWOX', 'PTGS2', 'CXCL14', 'NR1I2', 'TRIM25', 'MARCHF8', 'MET', 'WIF1', 'MMP14', 'GHRL', 'PRDX1', 'SST', 'CCNH', 'CRYAB', 'UCHL1']",[],"['KIF1B', 'NTRK1']"
50.0,7.0,4.0,3379.0,0.8771929824561403,0.9259259259259259,0.9009009009009009,0.8996165391745041,0.9333333333333333,0.95,0.8703703703703703,0.2796469873459937,"['NEK4', 'PNN', 'GUCA1A', 'CABP4', 'BBS2', 'BBS4', 'BBS1', 'RPGRIP1L', 'NDUFB7', 'PITRM1', 'ACTB', 'ARL13B', 'NPHP3', 'PCARE', 'MSRB3', 'TTC21B', 'FREM2', 'BBS12', 'USH1G', 'CDH23', 'GNAT1', 'TOPORS', 'NDP', 'B3GLCT', 'MFN1', 'LRAT', 'CNGA3', 'CTSD', 'PITX2', 'ZNF423', 'WHRN', 'CA4', 'PAK1', 'KCTD7', 'KLHL7', 'BEST1', 'MTTP', 'MFSD8', 'SLC24A5', 'STRA6', 'PRPH2', 'CDH3', 'CNGB1', 'ZNF513', 'CNGB3', 'COL4A1', 'COL11A1', 'SLC45A2', 'PAX6', 'APP']","['MS4A13', 'ZFP41', 'FAM171A2', 'MRPS7', 'CTRL', 'SCEL', 'PBX1']","['POMC', 'SPSB3', 'TRAIP', 'ZNF500']"
19.0,0.0,2.0,3419.0,1.0,0.9047619047619048,0.9500000000000001,0.9509116462086992,1.0,0.95,0.9047619047619048,0.86332054844533,"['CAPN1', 'SLC27A2', 'SIRT1', 'LEPR', 'IFIT3', 'CEBPB', 'HAS3', 'TLE1', 'BIRC3', 'NFE2L2', 'CYP19A1', 'ATP7B', 'MAT1A', 'PTMA', 'GPD1L', 'LDLR', 'FGF21', 'COL3A1', 'NR1H4']",[],"['PRR20A', 'NAT10']"
18.0,1.0,3.0,3418.0,0.9473684210526315,0.8571428571428571,0.9,0.9005562627792888,1.0,0.95,0.9047619047619048,0.5070957831285322,"['DUSP6', 'NOTCH2', 'GDNF', 'JAG1', 'CHI3L1', 'CSTA', 'POLK', 'HEY1', 'SRRT', 'MET', 'GSTT1', 'APC', 'MTOR', 'LTK', 'HES1', 'BRD4', 'IL1B', 'CFLAR']",['JUP'],"['BHLHE41', 'NAPA', 'JRK']"
15.0,1.0,8.0,3416.0,0.9375,0.6521739130434783,0.7692307692307693,0.780778837410802,1.0,0.9,0.8260869565217391,0.7474201256791208,"['IL12A', 'RTN4', 'LGALS8', 'ERBB2', 'NOTCH2NLA', 'POT1', 'HLA-C', 'GSTP1', 'XAF1', 'MYLK', 'PSD3', 'GDNF', 'SLC5A5', 'APOM', 'STAG2']",['INSR'],"['DCD', 'MSH2', 'CIC', 'CDKN2C', 'APC', 'KPNA1', 'PCBD1', 'OCLN']"
22.0,1.0,2.0,3415.0,0.9565217391304348,0.9166666666666666,0.9361702127659574,0.9359461631452559,1.0,0.95,0.9583333333333334,0.6368878813784674,"['HTT', 'SOX30', 'STAT3', 'GSK3B', 'ITPR2', 'IL6ST', 'PRKCB', 'SIRT6', 'PCDHB5', 'HNF4A', 'IL18', 'FNDC5', 'FGF2', 'MT2A', 'PLD1', 'IDH2', 'NPR1', 'SRC', 'PIK3CG', 'UCP2', 'GRK2', 'REN']",['LMNA'],"['IL1B', 'ADD2']"
28.0,3.0,5.0,3404.0,0.9032258064516129,0.8484848484848485,0.875,0.8742624885510367,1.0,1.0,0.8484848484848485,0.2366061002645307,"['MDFI', 'PIK3R1', 'PARVG', 'ZBTB16', 'PRKG1', 'PDE4DIP', 'MSTN', 'ATP1A3', 'S100A9', 'VEGFA', 'KLHL24', 'ATP2A1', 'FIP1L1', 'PPP1R1A', 'MAP2K7', 'PPP1R3F', 'DSTN', 'IFNG', 'ELOVL6', 'PPARG', 'ATP2A2', 'GCG', 'PIK3CG', 'PLAT', 'DRD4', 'SERPINE1', 'ACE', 'HIF1A']","['VCP', 'TEX101', 'HSP90AB1']","['CCDC24', 'SYT17', 'CERK', 'KCNK5', 'HOXB6']"
31.0,2.0,2.0,3405.0,0.9393939393939394,0.9393939393939394,0.9393939393939394,0.9388069126842241,1.0,1.0,0.9393939393939394,0.551085738942529,"['SRC', 'MEOX2', 'COPS5', 'PTGS1', 'NDUFA11', 'PRKG1', 'CCT4', 'NDUFB6', 'SIRT1', 'SIRPA', 'RAC1', 'KLHL24', 'APOC1', 'ACACA', 'GPX4', 'PCK1', 'FASN', 'GHRL', 'KAT8', 'GDF15', 'ATP2A2', 'ADRB3', 'PRDX6', 'SOX4', 'PEBP1', 'SOD1', 'AVP', 'GSK3B', 'NPPB', 'HTR2B', 'NOS3']","['VIM', 'HDHD2']","['NCALD', 'PRKCE']"
58.0,5.0,16.0,3361.0,0.9206349206349206,0.7837837837837838,0.8467153284671532,0.8464660028644494,0.9333333333333333,0.9,0.7837837837837838,0.6070763126000777,"['NR3C1', 'UBQLN2', 'SRC', 'CDC37', 'NR3C2', 'CYP3A5', 'BECN1', 'CYP2C9', 'ZDHHC23', 'GK', 'HLA-B', 'GCLM', 'CDCA5', 'ABI1', 'UNC93B1', 'MST1R', 'GRPR', 'GSTM2', 'ACTN4', 'COL14A1', 'PCYT1A', 'SORL1', 'NR1H3', 'ACTR3', 'GDI1', 'BRD4', 'C3', 'PRSS2', 'BAX', 'TCTN3', 'SENP2', 'IL1RAP', 'LTF', 'PRKCD', 'ALDOB', 'IL18', 'ATP6V1D', 'GDA', 'IFNA2', 'CYP2B6', 'PDLIM5', 'MST1', 'CELA1', 'PCYT1B', 'ITPR1', 'TMED7', 'CAP1', 'PNP', 'FADS2', 'EPHX1', 'PLAT', 'SLPI', 'PTGS2', 'CADPS2', 'RIPK3', 'RBP1', 'NREP', 'DGAT2']","['CAND1', 'YWHAG', 'ATXN1', 'LNX1', 'P2RY6']","['SPP1', 'ATG5', 'DMD', 'IFNG', 'SLC13A4', 'TAGLN2', 'ARG1', 'RPL18A', 'COL3A1', 'DIABLO', 'MED25', 'C19orf25', 'SLC22A6', 'NSMCE2', 'KRT18', 'CTBP1']"
16.0,0.0,2.0,3422.0,1.0,0.8888888888888888,0.9411764705882353,0.942533648253103,1.0,0.8,0.8888888888888888,0.9100013717231608,"['IKBKG', 'NCR3LG1', 'BCL2L1', 'CYP1A2', 'CASP3', 'TEK', 'ATP7A', 'GRP', 'PPAT', 'APOA4', 'BBC3', 'ENO2', 'SQLE', 'STAT3', 'CCL20', 'MMP2']",[],"['FAM9A', 'ATG16L1']"
16.0,1.0,2.0,3421.0,0.9411764705882353,0.8888888888888888,0.9142857142857143,0.9142248511673541,0.9333333333333333,0.8,0.8888888888888888,0.7559687057173522,"['BCL2L2', 'EPAS1', 'RB1', 'TEK', 'CCL20', 'TGFA', 'TSC22D1', 'NR1I3', 'CYP2E1', 'F12', 'GJB1', 'FOXM1', 'GSTP1', 'CTNNB1', 'MMP2', 'KRAS']",['ALX1'],"['BSG', 'PPP6C']"
24.0,1.0,2.0,3413.0,0.96,0.9230769230769231,0.9411764705882353,0.940920943118908,1.0,1.0,0.9230769230769231,0.8346081161100497,"['PSMA6', 'CXCL8', 'CCL2', 'DUSP14', 'MDM2', 'CDKN1A', 'COPS6', 'IL2RA', 'RIPK1', 'PRPF8', 'SIRT1', 'SRSF1', 'U2AF1', 'ARHGDIA', 'TAF9', 'PSMB10', 'SNRPD3', 'RAB32', 'IPO7', 'SRSF9', 'HP', 'MAZ', 'BAX', 'ALB']",['CCL5'],"['FCER1G', 'EPB41L1']"
17.0,1.0,2.0,3420.0,0.9444444444444444,0.8947368421052632,0.918918918918919,0.9188201161677553,1.0,0.9,0.9473684210526315,0.475120851983374,"['CXCL9', 'BAG6', 'IFNGR1', 'HLA-A', 'HLA-DRB1', 'CCL20', 'MBP', 'COPS5', 'CYP1A1', 'COMMD1', 'MTHFR', 'CCL7', 'CXCR2', 'CCL8', 'IFNG', 'SPP1', 'TNF']",['CXCL12'],"['CTLA4', 'CCL4']"
45.0,15.0,4.0,3376.0,0.75,0.9183673469387755,0.8256880733944955,0.8272703998062912,0.9333333333333333,0.9,0.7959183673469388,0.20510872305239347,"['FN1', 'YWHAZ', 'GPR35', 'MAPK1', 'RELA', 'GLP1R', 'GSK3B', 'RGS2', 'LOX', 'ORAI1', 'DEFA1B', 'INS', 'HTR2B', 'FBXL17', 'WNK1', 'SCNN1B', 'MTOR', 'ACE2', 'CYP1A1', 'IL6ST', 'DRD4', 'ALAD', 'VWF', 'CAV1', 'PRSS2', 'GSTT1', 'SERPINE1', 'GSTA5', 'ATP2B3', 'CACNA2D1', 'CAT', 'SELP', 'GJA4', 'GNRH1', 'HSD11B1', 'NOX4', 'FXYD2', 'CETP', 'HSD11B2', 'CMA1', 'TGFB1', 'TNF', 'CXCL8', 'NFS1', 'ADIPOQ']","['CUL3', 'HTT', 'CLK2', 'HSP90AB1', 'MTCH2', 'OLFM1', 'ITPRIPL1', 'EPPIN', 'YWHAG', 'UBQLN2', 'THEM4', 'CDC5L', 'HSP90AA1', 'ERGIC3', 'CUL2']","['GAL', 'AHR', 'CRHR2', 'ILF3']"
38.0,0.0,4.0,3398.0,1.0,0.9047619047619048,0.9500000000000001,0.9506303723089777,1.0,1.0,0.9285714285714286,0.4337773096759441,"['PLRG1', 'SRD5A3', 'H2BC21', 'ADRB2', 'CBFB', 'GGA2', 'PIN1', 'PLCG1', 'NCR3LG1', 'ANK1', 'P4HA2', 'ACY1', 'NDUFV3', 'MEOX2', 'AP4E1', 'SAMD3', 'LAMA1', 'DCC', 'OTUD6B', 'KCNA2', 'POLR3B', 'PRRT2', 'DEAF1', 'GON4L', 'TAF2', 'TMEM135', 'TTI2', 'METTL23', 'KCNAB2', 'DYNC1H1', 'SIN3A', 'RAI1', 'SLC4A10', 'L2HGDH', 'STRA6', 'NF1', 'SHANK2', 'GRIN2B']",[],"['RAB39B', 'UBA1', 'ZNF155', 'CYB5R1']"
31.0,9.0,3.0,3397.0,0.775,0.9117647058823529,0.8378378378378379,0.8389085907243884,0.7333333333333333,0.65,0.7941176470588235,0.4688324926701009,"['HUWE1', 'GRB2', 'TERF2IP', 'IL13RA2', 'HMGB1', 'STAT3', 'MASP2', 'CHRNA4', 'IL17RA', 'CAV1', 'MPO', 'TF', 'MVK', 'CXCR3', 'FGF2', 'KYNU', 'IL10', 'DUSP10', 'WDR1', 'PTGES', 'APOA1', 'SLC22A5', 'IFNL3', 'TSLP', 'TGFB1', 'NFS1', 'IFNG', 'CCL2', 'ICAM1', 'LCN2', 'EDN1']","['KAT5', 'ARRB1', 'RUVBL2', 'RPN1', 'COPB1', 'TPM4', 'BRD7', 'MEOX2', 'CACNA1C']","['KRT31', 'PPP2R3C', 'ARHGEF1']"
15.0,0.0,2.0,3423.0,1.0,0.8823529411764706,0.9375,0.9390621377646331,1.0,0.75,0.8823529411764706,0.9461792266769107,"['GRB2', 'SIRT1', 'CCL2', 'LIPC', 'CFH', 'CREBZF', 'GH1', 'NR4A3', 'GNAS', 'GPX3', 'METRNL', 'MRC1', 'SOD2', 'LEP', 'CD68']",[],"['FAM90A1', 'RPL3']"
21.0,0.0,3.0,3416.0,1.0,0.875,0.9333333333333333,0.9350038671827408,1.0,1.0,0.9166666666666666,0.6623460525703027,"['FN1', 'SNX27', 'ATP5F1B', 'ALB', 'TGFB1', 'A2M', 'IL6ST', 'B4GALT5', 'EPOR', 'AMN', 'CD44', 'KNG1', 'HBG2', 'IL6', 'NOS2', 'SLC22A24', 'CLU', 'SERPINA1', 'MTHFR', 'PLG', 'HMOX1']",[],"['EPHX2', 'TOLLIP', 'AP1S1']"
31.0,2.0,2.0,3405.0,0.9393939393939394,0.9393939393939394,0.9393939393939394,0.9388069126842241,1.0,1.0,0.9393939393939394,0.38028721449614133,"['TBXA2R', 'MDFI', 'NFE2L2', 'ESS2', 'ATP1A3', 'TRIM24', 'C17orf97', 'ACACA', 'NR3C2', 'CSF3', 'NOX1', 'PCK1', 'PRKAR2B', 'FASN', 'FIP1L1', 'CFD', 'CIDEA', 'SOX4', 'INS', 'GCG', 'AGTR1', 'CCL2', 'ADRB1', 'ADIPOQ', 'CXCL8', 'HTR2B', 'CAT', 'POMC', 'IL6', 'EDN1', 'SOD2']","['CUL3', 'HDHD2']","['NAE1', 'HHLA3']"
13.0,0.0,1.0,3426.0,1.0,0.9285714285714286,0.962962962962963,0.9634835084469433,0.8666666666666667,0.65,0.9285714285714286,0.7369284868523742,"['AR', 'FANCE', 'IL2', 'CCND1', 'NPY2R', 'TXNIP', 'MSH6', 'CSF3R', 'ERG', 'DDIT4', 'HP', 'SETD2', 'PPP1R13L']",[],['DHX8']
13.0,2.0,1.0,3424.0,0.8666666666666667,0.9285714285714286,0.896551724137931,0.89665212008541,0.8666666666666667,0.65,0.8571428571428571,0.7989612420507821,"['CUL1', 'TRAF6', 'SH3GL2', 'BCL2', 'ATM', 'CPEB1', 'PLCG2', 'SYK', 'TFRC', 'LILRA4', 'PPP2R5C', 'POLB', 'PTGS2']","['NCBP2', 'WRAP53']",['NOP56']
12.0,0.0,2.0,3426.0,1.0,0.8571428571428571,0.923076923076923,0.9255499844933457,0.8666666666666667,0.65,0.9285714285714286,0.5183624643359865,"['ATM', 'TP53', 'TCF3', 'DCLRE1C', 'CDKN2A', 'NT5C2', 'TAL1', 'PAG1', 'BCR', 'CYP1A2', 'ABCB1', 'LAMP2']",[],"['FBXW7', 'VBP1']"
39.0,0.0,4.0,3397.0,1.0,0.9069767441860465,0.951219512195122,0.9517930586334433,1.0,1.0,0.9534883720930233,0.3849798511268644,"['CUL3', 'HSPB1', 'FATE1', 'POT1', 'DISC1', 'ZNF655', 'FANCL', 'CTNNA1', 'MYC', 'MLF1', 'ASMTL', 'KMT2A', 'PBK', 'TP53', 'BNIPL', 'FAS', 'PICALM', 'NTRK3', 'LPP', 'ERG', 'SYNGR1', 'AGRN', 'ANXA4', 'ETV6', 'ADCY7', 'CST3', 'FLT3', 'SETBP1', 'PALB2', 'XRCC2', 'U2AF1', 'ENAH', 'SLX4', 'MYO16', 'MECOM', 'ACSL6', 'NID2', 'BLM', 'GPR183']",[],"['SUZ12', 'NOTCH2', 'SEC24C', 'FILIP1']"
24.0,0.0,1.0,3415.0,1.0,0.96,0.9795918367346939,0.9796524738676645,1.0,1.0,0.96,0.7415669777185069,"['PRDX4', 'HSPA5', 'FGFR2', 'ALB', 'GSDMB', 'SLC16A2', 'IGFBP2', 'NPC1', 'F2', 'ARRB1', 'COMMD1', 'SGO2', 'TGFB1', 'ARNT', 'F7', 'BAMBI', 'F5', 'SLC30A10', 'F3', 'PEMT', 'HSD11B2', 'CP', 'TAGLN2', 'JUND']",[],['SELENOI']
34.0,1.0,4.0,3401.0,0.9714285714285714,0.8947368421052632,0.9315068493150684,0.9315775037315066,1.0,1.0,0.9210526315789473,0.5370060795912274,"['HSPA5', 'HSCB', 'MYC', 'TLE5', 'TP53', 'PLAUR', 'CSF3R', 'F11R', 'YIF1A', 'DICER1', 'PLS1', 'AHR', 'S1PR2', 'CIDEA', 'HRAS', 'ZSCAN22', 'TOP2A', 'DACT2', 'ASNS', 'CRABP1', 'PDRG1', 'TOX3', 'HGF', 'SNX10', 'SLC40A1', 'NR1I3', 'CDKN2A', 'DPP10', 'SPATA21', 'CCDC134', 'HMOX1', 'GJB1', 'FHIT', 'TNF']",['GRB2'],"['BAP1', 'GTF2B', 'CCDC167', 'SPDYE4']"
16.0,0.0,2.0,3422.0,1.0,0.8888888888888888,0.9411764705882353,0.942533648253103,1.0,0.8,0.8888888888888888,0.7824159133465721,"['RB1', 'CDH1', 'TP53', 'TSC22D1', 'GLUL', 'MAP4', 'APOC2', 'SOX4', 'HABP4', 'SQLE', 'RRAS2', 'TNFRSF10B', 'MAPK1', 'CYP2E1', 'BAK1', 'SPP1']",[],"['SLC9A3R1', 'REEP6']"
46.0,4.0,15.0,3375.0,0.92,0.7540983606557377,0.8288288288288288,0.8302709989866028,1.0,0.95,0.819672131147541,0.6001099732289606,"['CYSRT1', 'MYC', 'PCNA', 'TP53', 'SP1', 'PTN', 'TIMP1', 'RAF1', 'ERBB3', 'NOTCH2', 'BCL2L1', 'TIRAP', 'MPO', 'AMMECR1L', 'NOTCH3', 'SGSM2', 'MMP10', 'NUMB', 'RAD1', 'JUND', 'HTRA1', 'FOXM1', 'EMX2', 'GSTP1', 'SFTPD', 'IDS', 'GSTM1', 'IGBP1', 'ATG101', 'CHST15', 'RASSF1', 'TMEM45A', 'APOC3', 'IL10', 'EAF2', 'TNF', 'DAB2IP', 'FHIT', 'MPP1', 'EFEMP1', 'SELENOP', 'CWH43', 'LMNTD1', 'FGF9', 'MAPK3', 'NPPA']","['GRB2', 'COPS5', 'NPM1', 'VKORC1']","['RAMP2', 'TLR4', 'ERCC1', 'GSTT1', 'DOK1', 'IL6', 'TP63', 'IL1B', 'MCC', 'SCAMP5', 'FAM118B', 'NDUFAF5', 'RAC3', 'PRMT8', 'OSBP']"
61.0,10.0,12.0,3357.0,0.8591549295774648,0.8356164383561644,0.8472222222222222,0.8440417622231522,1.0,1.0,0.8493150684931506,0.30004515856939984,"['POM121', 'MDFI', 'CREBBP', 'UBQLN2', 'VCAM1', 'RHOA', 'FANCA', 'TIMP3', 'PTPRD', 'MKI67', 'STAT3', 'XRCC3', 'TUBA1C', 'EEF1A2', 'CD44', 'PLIN2', 'ATM', 'MX1', 'XAF1', 'RGS2', 'IGFBP7', 'FST', 'UMPS', 'ARHGAP35', 'ANXA5', 'SPRR2A', 'MARK1', 'HOXA2', 'MTSS1', 'SPZ1', 'FCGBP', 'XRCC1', 'PDHA1', 'GREM1', 'GMNN', 'ALOX5', 'LGALS3', 'PPP2R1A', 'ARID1A', 'RPL13', 'PRPF19', 'DDB1', 'PTGS2', 'APEX1', 'PTPRF', 'SYMPK', 'PA2G4', 'HNRNPL', 'SREBF2', 'URM1', 'ABT1', 'ZNF593', 'NBAS', 'CDH2', 'APC', 'CTSC', 'CASP8', 'IL6', 'HRAS', 'TYMS', 'ERCC1']","['LMNA', 'CUL1', 'YWHAH', 'LNX1', 'GOLGA2', 'TLE5', 'BANP', 'ARRB2', 'TRIM27', 'NEK4']","['ERBB2', 'ALB', 'BIRC5', 'ATR', 'KRAS', 'RPL19', 'CCND1', 'PIK3CA', 'CAV3', 'PLAU', 'SLC25A41', 'PTPRT']"
28.0,0.0,6.0,3406.0,1.0,0.8235294117647058,0.9032258064516129,0.9066869557773747,1.0,1.0,0.8529411764705882,0.6533000289178961,"['NR3C2', 'FN1', 'KRT31', 'UBQLN1', 'RGS2', 'CDC42', 'YWHAZ', 'PIK3R1', 'ATP6V1H', 'HNRNPA1', 'CNN2', 'RPS14', 'ACTN4', 'MRC2', 'LIN7A', 'SCD', 'ALCAM', 'SLC12A2', 'CDS1', 'DBI', 'MDH2', 'FURIN', 'DUSP6', 'UCP2', 'KRT71', 'ADCY5', 'EPCAM', 'CSN3']",[],"['CCND1', 'PGAM1', 'C3orf52', 'FNDC3A', 'FZD2', 'ODAPH']"
34.0,7.0,5.0,3394.0,0.8292682926829268,0.8717948717948718,0.8500000000000001,0.8485078839052435,1.0,1.0,0.8717948717948718,0.27617562955834785,"['TERF1', 'CUL3', 'ADRB2', 'FN1', 'CDC42', 'HNRNPA1', 'ERBB2', 'ESR1', 'ACTB', 'KITLG', 'CASK', 'GGT1', 'SNCG', 'PDGFRA', 'FABP4', 'SNRPD3', 'ANXA4', 'LPL', 'PADI4', 'SOX9', 'PSME1', 'EPHX1', 'UCP2', 'S1PR1', 'NSMF', 'DUSP6', 'THRSP', 'PDGFA', 'CDK6', 'NR5A1', 'PHB', 'ID1', 'AGTR2', 'ABCG2']","['RAD51', 'RBBP4', 'MAS1', 'WDR6', 'ODF4', 'HSP90AB1', 'ZFYVE9']","['MMP9', 'ZDHHC17', 'ACTN2', 'AQP2', 'TFPT']"
10.0,2.0,4.0,3424.0,0.8333333333333334,0.7142857142857143,0.7692307692307692,0.7706612927898475,0.7333333333333333,0.55,0.7142857142857143,0.7999196451607072,"['ERBB2', 'SOCS1', 'CTNNB1', 'CDK6', 'OTX2', 'STRADA', 'ABCA2', 'RBM47', 'MYCN', 'SCG5']","['GPM6B', 'EYA1']","['EGFR', 'PPP1R21', 'STIM1', 'ISL2']"
53.0,9.0,10.0,3368.0,0.8548387096774194,0.8412698412698413,0.848,0.8452155095881697,1.0,1.0,0.8571428571428571,0.2834119070142718,"['MAPK14', 'SGTB', 'CAND1', 'BTRC', 'IFNAR1', 'PICK1', 'PLK1', 'STK11', 'MLANA', 'KLRK1', 'SAE1', 'PDGFRA', 'EZR', 'PAK1', 'F2RL1', 'FASLG', 'CD86', 'SLC25A6', 'ERCC3', 'BRCA2', 'JMJD6', 'ROCK2', 'CUBN', 'SYK', 'CSF2RA', 'HSPA1A', 'DDB2', 'GNAQ', 'MYO1B', 'TNFRSF19', 'MAGEC1', 'NT5DC1', 'HIKESHI', 'SLC39A12', 'LRP1B', 'ALDH1A3', 'FAT4', 'RPP38', 'MRPL49', 'COL2A1', 'GLO1', 'MX2', 'USP6NL', 'KLRB1', 'STX17', 'RAX', 'CP', 'IFNA2', 'AURKA', 'GAB2', 'PHGDH', 'CYP1B1', 'ABCB5']","['COLGALT2', 'DDX58', 'USH1C', 'CPSF7', 'ECHS1', 'WDR6', 'FN1', 'DOCK1', 'H4-16']","['CTNNB1', 'AKR1B10', 'PDZD3', 'CYSRT1', 'PSMC3', 'SYT17', 'ZNF212', 'TTL', 'ZSCAN9', 'NDUFAF2']"
38.0,1.0,4.0,3397.0,0.9743589743589743,0.9047619047619048,0.9382716049382716,0.9381963387517462,1.0,1.0,0.9047619047619048,0.4828467291587203,"['PLRG1', 'YWHAG', 'FGB', 'ADRB2', 'KDM6B', 'KCNJ5', 'IER2', 'MEOX2', 'LACTB', 'ALDOB', 'DCC', 'KCNA2', 'PEX6', 'TRMT1', 'POLR3B', 'UBR7', 'DEAF1', 'CNKSR1', 'KCNAB2', 'KDM5A', 'TAF2', 'RGS7', 'SNX14', 'TTI2', 'SIN3A', 'RAI1', 'TBCD', 'AHI1', 'KANSL1', 'LETM1', 'NDST1', 'VIP', 'SCN1A', 'WDR62', 'FMR1', 'PRRT2', 'NRXN1', 'H4C3']",['ANXA5'],"['KIF1B', 'ITGB8', 'ANKLE2', 'MSLN']"
16.0,3.0,3.0,3418.0,0.8421052631578947,0.8421052631578947,0.8421052631578947,0.8412283265896399,0.8,0.8,0.8421052631578947,0.7455595896374879,"['HTT', 'FGB', 'TSEN2', 'ALDOA', 'UFM1', 'DYNC1H1', 'LIG4', 'KIF14', 'UFC1', 'IARS1', 'TCERG1', 'ATP1A2', 'TSEN34', 'NTNG2', 'MFSD2A', 'CENPF']","['THOC2', 'RIN3', 'PALS1']","['TMPPE', 'PTPRF', 'U2SURP']"
14.0,0.0,0.0,3426.0,1.0,1.0,1.0,1.0,0.9333333333333333,0.7,1.0,0.5290490159841094,"['PCNA', 'PDE4DIP', 'ADH1C', 'SAE1', 'CCL11', 'ENO1', 'SOD2', 'TPI1', 'LAMC3', 'MT1A', 'NDRG1', 'PPIA', 'HOXD10', 'PIK3CA']",[],[]
29.0,0.0,4.0,3407.0,1.0,0.8787878787878788,0.9354838709677419,0.9368870501697707,1.0,1.0,0.9090909090909091,0.6681046037878123,"['NPM1', 'CSF2RA', 'ASMTL', 'VSIG4', 'CEBPD', 'NUP98', 'PBK', 'MLF1', 'SVIL', 'ATP5MF', 'GTF2I', 'GFI1', 'ENO2', 'SH3GL1', 'IFI30', 'PIM2', 'MFSD8', 'SPRY4', 'SYNGR1', 'TRH', 'PSIP1', 'CD33', 'ADCY7', 'CST3', 'EPHX1', 'CD9', 'GATA2', 'CTNNA1', 'NF1']",[],"['JAK2', 'KIFAP3', 'PAFAH1B3', 'MCAM']"
20.0,3.0,4.0,3413.0,0.8695652173913043,0.8333333333333334,0.851063829787234,0.8502349821948864,0.9333333333333333,0.9,0.875,0.6236342864264369,"['PRKCA', 'A2M', 'VDAC1', 'CREB1', 'HSPB2', 'OLR1', 'DDIT3', 'LGALS3', 'F2', 'BCL2L1', 'BAK1', 'PLN', 'SPSB4', 'LDHA', 'HP', 'BAX', 'CREM', 'DAB2IP', 'DGKZ', 'IL1B']","['AARSD1', 'ASB2', 'HTT']","['CAT', 'ACADS', 'EMP3', 'PMAIP1']"
15.0,1.0,1.0,3423.0,0.9375,0.9375,0.9375,0.9372079439252337,0.9333333333333333,0.75,0.9375,0.79016449199296,"['SORT1', 'UBQLN1', 'GAPDH', 'SOD2', 'NCR3LG1', 'ARG1', 'LONP2', 'SET', 'S100A8', 'KRT18', 'TNF', 'ITGA1', 'IL1B', 'GSTP1', 'CTF1']",['STK4'],['TSPAN11']
33.0,6.0,8.0,3393.0,0.8461538461538461,0.8048780487804879,0.8250000000000001,0.8232058570449177,1.0,0.9,0.8048780487804879,0.25056268963009987,"['TLE1', 'APP', 'MYH9', 'SOX5', 'SCRIB', 'ESR1', 'FTL', 'SHBG', 'NFKB1', 'TIMP1', 'NRG1', 'CNTNAP3B', 'PRPSAP1', 'EPOR', 'BCAR1', 'TRPM7', 'ITGA5', 'PTK2', 'SMPD1', 'NOTCH2', 'AMBP', 'GAB2', 'TGIF1', 'DLX4', 'EGF', 'CTSS', 'MTDH', 'EN1', 'ZEB1', 'CDH2', 'UBQLN1', 'AHR', 'MET']","['EIF4A2', 'PSIP1', 'TPR', 'GCSH', 'VCAM1', 'TRAF2']","['SOD2', 'MMP9', 'LEF1', 'PSMB3', 'CEP162', 'CHD1L', 'AHNAK2', 'FAH']"
40.0,8.0,5.0,3387.0,0.8333333333333334,0.8888888888888888,0.8602150537634408,0.8587608919913747,0.7333333333333333,0.8,0.8666666666666667,0.3984076368395472,"['ERBB3', 'HSP90AA1', 'ENG', 'ESR1', 'AGT', 'ERBB2', 'IL6ST', 'CTNNB1', 'FADD', 'TGFBR2', 'IGF1', 'MAPK3', 'CXCL12', 'TPM4', 'EEF1B2', 'STAT1', 'NAGK', 'SLC39A4', 'EPOR', 'IL18', 'SERPINB5', 'CLIC1', 'IGFBP7', 'SPP1', 'ANXA4', 'GJB1', 'CTU1', 'SERPINA1', 'TXN', 'ALDOA', 'ROR1', 'EIF1AX', 'GDF15', 'MST1', 'ETV4', 'IBSP', 'GAB2', 'PXN', 'EML4', 'ABCB1']","['CAND1', 'CUL3', 'HSPB1', 'ARAF', 'TAS2R5', 'AFF2', 'APP', 'MEOX2']","['XPC', 'PTEN', 'SOD2', 'NDUFA9', 'MAP1S']"
17.0,0.0,2.0,3421.0,1.0,0.8947368421052632,0.9444444444444444,0.9456289244541289,1.0,0.95,1.0,0.8394435950670236,"['ICAM1', 'CDK15', 'EPHA2', 'BRCA1', 'GLP1R', 'SRF', 'APOBEC3B', 'KDM6A', 'APOBEC3A', 'NUDT9', 'ERCC1', 'IL1B', 'MSLN', 'PLAUR', 'ABCB1', 'NUDT19', 'CDKN2A']",[],"['SOD2', 'PTGS2']"
18.0,5.0,4.0,3413.0,0.782608695652174,0.8181818181818182,0.8,0.7988837873905866,0.8,0.75,0.7727272727272727,0.45310003864018095,"['EP300', 'GRIP1', 'HSF2BP', 'GRN', 'APOE', 'NGFR', 'LRP8', 'CNR1', 'CD44', 'AGO2', 'CHRNA7', 'IGF2', 'PANK2', 'BCL2', 'SLC1A2', 'SLC6A3', 'NGF', 'TGFA']","['KRTAP10-3', 'TCP1', 'ARRDC3', 'MARCHF3', 'ETV3']","['TRAF6', 'CHGB', 'RPAP3', 'PKN3']"
44.0,5.0,11.0,3380.0,0.8979591836734694,0.8,0.8461538461538463,0.8452518286965532,0.9333333333333333,0.9,0.8,0.6065935795012616,"['HSCB', 'CUL3', 'ESR1', 'SDHA', 'ABL1', 'BBS1', 'NDUFS7', 'CEACAM1', 'CIDEB', 'NSFL1C', 'GNAS', 'SLC22A2', 'CNR1', 'BBS12', 'FTL', 'NR0B2', 'ECHS1', 'HOXB5', 'ARL6', 'LPL', 'AGRP', 'CYB5A', 'FOXO3', 'ADH1B', 'CD163', 'LRRC8A', 'LDLR', 'SOD1', 'FCGR3B', 'NEGR1', 'SLC16A7', 'CYP1B1', 'HK2', 'PLIN1', 'ADCY3', 'ALDH1L1', 'AQP7', 'F2', 'GPX1', 'ACADM', 'CES1', 'ENTPD6', 'SLC22A3', 'FAAH']","['GRB2', 'AXIN1', 'ATP5IF1', 'KRT85', 'TMCO5A']","['TNF', 'INS', 'PRKAR2B', 'SOD2', 'POMC', 'TP53I3', 'GHRL', 'KDM1A', 'PTGS2', 'OPRM1', 'CDK14']"
22.0,0.0,2.0,3416.0,1.0,0.9166666666666666,0.9565217391304348,0.9571469535125184,1.0,1.0,0.9166666666666666,0.6914467294814743,"['CCL5', 'YWHAQ', 'COL6A2', 'SDCBP', 'MKNK1', 'PSMB1', 'CLIC1', 'SEC23A', 'PDHA1', 'CXCL6', 'TRAP1', 'NDUFS8', 'GSTK1', 'P3H3', 'MATN3', 'ISOC2', 'ACAA2', 'DPYSL2', 'DAPP1', 'EEF2', 'IL1R1', 'TGFB1']",[],"['MAGEA10', 'PPP2CA']"
21.0,0.0,4.0,3415.0,1.0,0.84,0.9130434782608696,0.9159788515614052,1.0,1.0,0.88,0.6537364338535254,"['DLG1', 'SMURF2', 'EP300', 'ZNRF3', 'IFNA5', 'DAXX', 'RBBP8', 'FXYD3', 'TSC2', 'CLPTM1', 'LDHA', 'ATRX', 'NR5A2', 'SUGCT', 'CD44', 'BAP1', 'AKT2', 'TYMS', 'EPCAM', 'PLAU', 'PTGS2']",[],"['SH3GL3', 'PRDX5', 'SEPTIN8', 'RNF220']"
22.0,3.0,1.0,3414.0,0.88,0.9565217391304348,0.9166666666666666,0.9168896802565828,0.8666666666666667,0.85,0.8695652173913043,0.4825287259863738,"['APP', 'LBP', 'SOD1', 'KRTAP10-3', 'BAG6', 'DRAXIN', 'HSFY2', 'CASK', 'LSM1', 'PSMB8', 'SLC18A2', 'RPL23A', 'SLC2A14', 'HSPA1A', 'HFE', 'TRPM2', 'INS', 'HMOX1', 'DDIT4', 'GDNF', 'ABCB1', 'MAOB']","['ANKRD13D', 'SERPINF1', 'EGFL8']",['ENTPD4']
14.0,0.0,1.0,3425.0,1.0,0.9333333333333333,0.9655172413793104,0.9659507786586252,0.9333333333333333,0.75,0.9333333333333333,0.6123186315999787,"['QSOX1', 'CXCL9', 'CCL20', 'CXCL1', 'IL17A', 'COPS5', 'CCL24', 'CCR9', 'CCR2', 'CX3CL1', 'IL1B', 'CXCR2', 'TNFRSF1A', 'CXCR3']",[],['IFNG']
14.0,0.0,1.0,3425.0,1.0,0.9333333333333333,0.9655172413793104,0.9659507786586252,1.0,0.75,1.0,0.6308440947871099,"['GRB2', 'PF4', 'SERPINB4', 'POMC', 'CD59', 'CXCL5', 'AHR', 'COPS5', 'CXCL1', 'AGT', 'CCL7', 'CCL24', 'CCL19', 'TNFRSF1A']",[],['CCR5']
34.0,0.0,6.0,3400.0,1.0,0.85,0.9189189189189189,0.921142031608466,1.0,1.0,0.85,0.5923891983720098,"['H2BC21', 'KRT31', 'HSPA8', 'BRCA1', 'ELOA', 'RC3H2', 'EGFR', 'CD79B', 'CLDN4', 'C7orf50', 'TMF1', 'RHPN1', 'BLOC1S3', 'HOOK3', 'CDC6', 'HSD3B1', 'DMD', 'S100P', 'CKS2', 'RRM2', 'PRKD2', 'RBP4', 'RASL10B', 'ZNF205', 'BBOF1', 'HID1', 'ELAVL3', 'SCT', 'TCF15', 'BAX', 'MAP3K5', 'CCNE2', 'LHB', 'SRD5A1']",[],"['TNS2', 'CSE1L', 'PHYHIP', 'TIMM29', 'RCOR2', 'KLHL9']"
25.0,0.0,0.0,3415.0,1.0,1.0,1.0,1.0,1.0,1.0,1.0,0.7140499505210234,"['HNRNPC', 'FLNA', 'RAN', 'AKT1', 'ERGIC3', 'PHB', 'FKBP2', 'ACTC1', 'FOXM1', 'PRKG1', 'PSCA', 'BCAT2', 'CPS1', 'TADA2A', 'PSD2', 'KRT8', 'YIF1A', 'EGF', 'NR1I3', 'SIX3', 'HRAS', 'TRIO', 'NOP16', 'HIGD2A', 'PTGS2']",[],[]
18.0,0.0,0.0,3422.0,1.0,1.0,1.0,1.0,1.0,0.9,1.0,0.6946455898964978,"['USP8', 'HSPD1', 'ITGB1', 'AQP2', 'ADAMTSL4', 'ATF3', 'IL6R', 'PDK2', 'ADCYAP1', 'EPG5', 'MAPK11', 'AVPR2', 'TLR2', 'HGF', 'AVP', 'BDKRB2', 'AGTR1', 'SOD2']",[],[]
17.0,0.0,3.0,3420.0,1.0,0.85,0.9189189189189189,0.9215503455802556,1.0,0.9,0.9,0.4818120833775791,"['CCL11', 'IL4R', 'IL1RN', 'IL12B', 'HMGB1', 'STAT6', 'SKIL', 'SMAD7', 'ABCA3', 'CCR2', 'FAM13A', 'CCL4', 'ELN', 'SOD3', 'DDX19B', 'ADIPOQ', 'EDN1']",[],"['AP3B1', 'MACF1', 'LRRC32']"
21.0,2.0,4.0,3413.0,0.9130434782608695,0.84,0.8749999999999999,0.8748938011528927,1.0,0.9,0.84,0.5159196754081455,"['VIM', 'SPRED1', 'EP300', 'COPS6', 'PTGIS', 'RALA', 'FGG', 'C9', 'CASP8', 'IL1A', 'ALOX5', 'CHAT', 'EIF2B4', 'TERT', 'PTEN', 'IL6ST', 'GPT', 'HGF', 'FGF2', 'PPARA', 'HMOX1']","['USP14', 'TFAP4']","['CUL5', 'XCL2', 'LDOC1', 'NARF']"
16.0,1.0,2.0,3421.0,0.9411764705882353,0.8888888888888888,0.9142857142857143,0.9142248511673541,0.9333333333333333,0.8,0.8888888888888888,0.8443071426410698,"['TRIM63', 'PDHB', 'ADAMTSL4', 'MAPK1', 'OAT', 'TMEM70', 'IL4', 'MYOT', 'PRKCE', 'TNF', 'SCO2', 'EPO', 'PPP1R1A', 'CS', 'OLR1', 'CAT']",['ATF7IP'],"['MMS19', 'AMPD1']"
53.0,6.0,10.0,3371.0,0.8983050847457628,0.8412698412698413,0.8688524590163935,0.8669705659381953,0.9333333333333333,0.95,0.873015873015873,0.36268837641160445,"['CUL3', 'LTB4R2', 'SREBF1', 'MME', 'TMEM17', 'CSNK2A1', 'SOD1', 'OPRM1', 'GNB3', 'DNAJC5', 'DEFA1B', 'AP2M1', 'ORMDL1', 'LCN2', 'PHC1', 'FUT1', 'CASP1', 'FAAH', 'ALAD', 'ATP7A', 'IMPA1', 'TREX1', 'CRIP2', 'SLC35A1', 'GTF3C3', 'PIGM', 'DRD1', 'IL6R', 'NOTCH3', 'DHPS', 'GCH1', 'ACTL6B', 'GTPBP2', 'TSEN15', 'GAMT', 'ALPL', 'KCNK4', 'PVALB', 'RARS1', 'TRPM3', 'PIGU', 'SLC17A7', 'KIAA1109', 'CASR', 'SMC1A', 'SSTR2', 'UGP2', 'OXR1', 'SLC12A5', 'GHRL', 'ZNF292', 'INS', 'SLC6A1']","['HNRNPU', 'SKP2', 'CBY1', 'NUP50', 'CELA1', 'DENND2B']","['FOLR1', 'NLGN3', 'TRH', 'LEP', 'GABRA5', 'DLG4', 'MTHFR', 'CAT', 'AGT', 'MAPK8']"
12.0,0.0,2.0,3426.0,1.0,0.8571428571428571,0.923076923076923,0.9255499844933457,0.9333333333333333,0.7,1.0,0.8927586357068331,"['ERBB4', 'SMO', 'CSNK2A1', 'TGFBR1', 'SHC2', 'PTK2B', 'IGF1', 'ODC1', 'GSTT1', 'HRAS', 'CSNK2A2', 'SOD2']",[],"['PTGS2', 'AQP3']"
61.0,8.0,12.0,3359.0,0.8840579710144928,0.8356164383561644,0.8591549295774648,0.8565434613046848,0.8666666666666667,0.9,0.863013698630137,0.6162418944139386,"['GRB2', 'HSPA8', 'NPM1', 'CDK15', 'HTR1A', 'LXN', 'SIAH2', 'YIPF6', 'FANCA', 'EEF1A1', 'WWOX', 'TIMP3', 'CTSL', 'AURKB', 'POLR3D', 'IGFBP3', 'ATM', 'NOG', 'RGS2', 'XAF1', 'MT2A', 'GPR39', 'BID', 'TNFRSF9', 'FST', 'ATE1', 'TBX3', 'AHR', 'IL1RN', 'PPIC', 'UBR5', 'CTNNA2', 'ENO1', 'LGALS3', 'RPL18', 'TPM3', 'MSX1', 'FILIP1', 'ALOX5', 'AFP', 'KISS1', 'NOP56', 'RAD23A', 'KRT20', 'RPL13', 'PGAM1', 'MSLN', 'CXCL8', 'CA2', 'MAPK3', 'PRSS37', 'DDB1', 'MRPS11', 'PTPRF', 'RPS26', 'RXRB', 'JUN', 'ERBB2', 'PUS1', 'RRP9', 'SOD2']","['VCAM1', 'CUL3', 'COPS5', 'LMNA', 'NRAS', 'HSP90AB1', 'YWHAH', 'MLH1']","['CDKN1B', 'TNF', 'CPSF1', 'ALB', 'FHIT', 'RARB', 'TRA2A', 'KRTAP5-9', 'TMCC2', 'ITGAM', 'MSI2', 'ZNF613']"
29.0,1.0,1.0,3409.0,0.9666666666666667,0.9666666666666667,0.9666666666666667,0.9663734115347019,1.0,1.0,0.9666666666666667,0.5335188842676896,"['HSCB', 'TP53', 'SLC9A1', 'IFNGR1', 'BAG6', 'BACE1', 'AGT', 'PCK2', 'IL6R', 'VEGFA', 'BDKRB1', 'CX3CL1', 'ACOX1', 'PDK4', 'TEAD1', 'PTPRZ1', 'IFNG', 'MAP3K5', 'CPT1B', 'SGTB', 'NQO1', 'TIMP2', 'MYOC', 'CYBB', 'CPT1A', 'S100A6', 'BCL2L1', 'KCNJ11', 'LEP']",['MDFI'],['FBXW11']
15.0,0.0,1.0,3424.0,1.0,0.9375,0.967741935483871,0.9681044764756864,1.0,0.75,0.9375,0.9260196557076038,"['LYNX1', 'CRP', 'CHRNA5', 'SMAD1', 'HTR2C', 'HCRTR1', 'COL18A1', 'GRIA2', 'ADORA1', 'ADCY1', 'GPR50', 'MAPK3', 'REN', 'NPY', 'BDNF']",[],['TWIST2']
54.0,6.0,11.0,3369.0,0.9,0.8307692307692308,0.8640000000000001,0.862203228081369,1.0,1.0,0.8461538461538461,0.25062898515443693,"['EGFR', 'ATXN1', 'CRKL', 'HTR3A', 'APP', 'IL20RB', 'CDC42', 'HSPA1A', 'CYP2C9', 'SORT1', 'PTPRA', 'DDX3X', 'GALR2', 'ANK2', 'LCN1', 'USP9X', 'VAMP2', 'TYK2', 'FKBP4', 'CDKN2A', 'MAP2K1', 'PTX3', 'KMO', 'PDLIM5', 'HSPA1L', 'NTM', 'EDEM1', 'PCNT', 'EGF', 'CC2D1A', 'IRF7', 'TDO2', 'IFNAR1', 'SFXN5', 'GRIK4', 'GSK3A', 'SLC6A13', 'HTR2A', 'NEDD9', 'DNAJC12', 'FTL', 'FKBP5', 'TG', 'MAP2', 'HTR3B', 'CNP', 'CAMK2A', 'BDNF', 'DRD2', 'MAOB', 'TPH1', 'MTHFR', 'ADCY7', 'GJA1']","['SSBP1', 'CDC5L', 'NOXA1', 'PERP', 'PRKN', 'YWHAB']","['YWHAE', 'SERPINE1', 'HTR7', 'CACNA1C', 'ADORA2A', 'OXT', 'CRHR1', 'NSUN2', 'RHBDL1', 'NSDHL', 'TERF2IP']"
21.0,0.0,4.0,3415.0,1.0,0.84,0.9130434782608696,0.9159788515614052,1.0,1.0,0.84,0.7932644905486314,"['GRB2', 'APP', 'PIM1', 'B2M', 'ACTBL2', 'DOCK5', 'CSF3R', 'TLR2', 'SERPINA1', 'IL3', 'TLR1', 'SLC25A39', 'KITLG', 'BCHE', 'ABCG2', 'UGT1A1', 'CLU', 'AFM', 'ACHE', 'SLCO2A1', 'CYP2C9']",[],"['UNC93B1', 'PLD1', 'BCAT2', 'NID1']"
29.0,1.0,1.0,3409.0,0.9666666666666667,0.9666666666666667,0.9666666666666667,0.9663734115347019,1.0,1.0,0.9666666666666667,0.383728456080639,"['APP', 'AQP6', 'NLGN3', 'SHC1', 'SUMF1', 'ZFP1', 'PRPS1', 'RPS8', 'VAMP2', 'EZH2', 'PYCARD', 'HDHD2', 'SETBP1', 'TPM4', 'SORBS2', 'MEST', 'MPRIP', 'FAM126B', 'LPGAT1', 'OSBPL8', 'LARGE1', 'RAMP2', 'MMP12', 'DNAH11', 'FGGY', 'AHR', 'IDO1', 'ACADM', 'POMC']",['PLD1'],['GPR151']
15.0,1.0,0.0,3424.0,0.9375,1.0,0.967741935483871,0.9681044764756864,0.9333333333333333,0.75,0.9333333333333333,0.7655789527804758,"['FHL2', 'TMEM17', 'FBL', 'CLTC', 'ZBTB17', 'IMMP2L', 'MYD88', 'ALK', 'MALT1', 'IKZF5', 'GNA13', 'TRAF5', 'FOXO1', 'STAT6', 'ABCB1']",['HMGB1'],[]
17.0,3.0,1.0,3419.0,0.85,0.9444444444444444,0.8947368421052632,0.895408679046831,0.8666666666666667,0.85,0.8333333333333334,0.6792944288313497,"['CHRNB2', 'DRD2', 'TF', 'MC4R', 'ALDH2', 'MPDZ', 'APOE', 'ARNTL2', 'DRD3', 'GLRB', 'TLR4', 'GGT1', 'ALDH1A1', 'TLR2', 'POMC', 'CNR2', 'TBX19']","['PMP22', 'TAC3', 'AP1B1']",['CPOX']
16.0,0.0,0.0,3424.0,1.0,1.0,1.0,1.0,1.0,0.8,1.0,0.9427137529646586,"['OPRL1', 'ADORA2A', 'CRP', 'OPRM1', 'GHSR', 'BMT2', 'HTR2C', 'ARL6IP5', 'PER1', 'AVP', 'HCRTR1', 'MMP9', 'RUNX2', 'CCKBR', 'PER3', 'CREB1']",[],[]
20.0,0.0,3.0,3417.0,1.0,0.8695652173913043,0.9302325581395349,0.932095725172485,1.0,1.0,0.8695652173913043,0.7859758696321142,"['SPTAN1', 'MEOX2', 'CHRM2', 'CAV1', 'PDGFRL', 'GABRB3', 'DPF2', 'GNAO1', 'SLC52A2', 'UBE3A', 'RAB39B', 'ITGB3BP', 'WDFY3', 'GRIN2B', 'DYRK1A', 'SLC12A2', 'EEF1A2', 'ARID1B', 'IQSEC2', 'SNAP25']",[],"['MAP3K7', 'HNRNPDL', 'ERCC2']"
16.0,1.0,2.0,3421.0,0.9411764705882353,0.8888888888888888,0.9142857142857143,0.9142248511673541,0.9333333333333333,0.85,0.9444444444444444,0.853702458208044,"['BANP', 'MYC', 'EPAS1', 'ASAH1', 'CXCL9', 'CASP3', 'ADAM17', 'BAK1', 'FAS', 'KRAS', 'GLUL', 'SOX4', 'JAK2', 'GRP', 'KDR', 'MPEG1']",['ALX1'],"['HGF', 'CLU']"
17.0,0.0,2.0,3421.0,1.0,0.8947368421052632,0.9444444444444444,0.9456289244541289,1.0,0.9,0.9473684210526315,0.8246366036312524,"['EGFR', 'PDIA3', 'ATF2', 'TUBB3', 'SKP2', 'CAPN1', 'NACC1', 'TOP1', 'VDR', 'FASN', 'FOXA2', 'DNAJC10', 'ENOX2', 'SLC5A5', 'IL2', 'GPX3', 'MSL2']",[],"['SOD2', 'RPL19']"
24.0,0.0,0.0,3416.0,1.0,1.0,1.0,1.0,1.0,1.0,1.0,0.7688863810618833,"['HSCB', 'VCAM1', 'SKIL', 'SDHA', 'YWHAQ', 'SMAD3', 'COL1A1', 'TPRN', 'BBS1', 'COL6A2', 'PPP2R1A', 'DPEP1', 'CALCA', 'GLRA2', 'HADHA', 'P3H3', 'ETFA', 'OPA1', 'LTBP3', 'ALDH1A2', 'GDF5', 'TRPV4', 'ACO1', 'IL1B']",[],[]
33.0,7.0,4.0,3396.0,0.825,0.8918918918918919,0.8571428571428571,0.8561932691931063,0.8,0.85,0.8648648648648649,0.6157166017677156,"['LMNA', 'NOTCH1', 'POT1', 'H2AC8', 'NDEL1', 'GADD45A', 'CCDC14', 'PLK2', 'EIF2B2', 'FOXP1', 'TFDP1', 'FCGR1A', 'HSPA6', 'GP1BA', 'WASF3', 'MS4A4A', 'MYZAP', 'MSN', 'CTLA4', 'CXCL1', 'KCNJ15', 'FAXDC2', 'RBM47', 'TBR1', 'MAP2', 'R3HDM2', 'TNFAIP8', 'APOBEC3A', 'ALOX12', 'MEX3C', 'RNF103', 'BEND2', 'DUSP2']","['HTT', 'TP53', 'COPS5', 'PCNA', 'CMTM5', 'RBX1', 'CTAG1B']","['ZFP91', 'STMN1', 'PLEKHG6', 'ATP6V1E1']"
16.0,1.0,0.0,3423.0,0.9411764705882353,1.0,0.9696969696969697,0.9700008217947925,0.9333333333333333,0.8,0.9375,0.8380350426803769,"['LYNX1', 'CNR1', 'CHRNA5', 'CHRNB2', 'UBQLN4', 'CHRNA7', 'MAPK1', 'WLS', 'GNAO1', 'CHST3', 'PNOC', 'ADCY1', 'FAAH', 'OPRK1', 'GRIA1', 'BDNF']",['MEOX2'],[]
41.0,9.0,6.0,3384.0,0.82,0.8723404255319149,0.8453608247422681,0.8435667205347335,0.8666666666666667,0.85,0.8085106382978723,0.3043557370938575,"['ATXN1', 'APP', 'TLE5', 'IQCB1', 'SLC13A1', 'MAPK3', 'GSTM4', 'MAPK14', 'ACTB', 'ITGB3', 'RAB7A', 'ADRB2', 'DPP4', 'SULT1A1', 'FGF9', 'PPP2R5A', 'APOC2', 'ALDOA', 'CAMK2D', 'TMPO', 'CNR2', 'PTPRA', 'RLN3', 'HK2', 'CEBPD', 'RIPOR2', 'PYGB', 'DUSP6', 'PPAT', 'FABP5', 'C1QB', 'RYR2', 'PDK4', 'MX1', 'TNNT2', 'ID3', 'CCL3', 'RPL17', 'ATP1A1', 'GCLC', 'ICAM1']","['CUL3', 'COMT', 'HSCB', 'MCCC1', 'C1orf35', 'TDRKH', 'MID1IP1', 'YWHAG', 'HSP90AB1']","['EDNRA', 'CD36', 'IL1B', 'AGT', 'DKKL1', 'COX7A2']"
40.0,3.0,9.0,3388.0,0.9302325581395349,0.8163265306122449,0.8695652173913043,0.869706913961627,0.9333333333333333,0.9,0.8979591836734694,0.39655955722802805,"['VCAM1', 'AP2M1', 'ARAF', 'HSCB', 'SCRIB', 'FGFR4', 'NCL', 'FBL', 'RRS1', 'RPL10A', 'KPNA2', 'LATS2', 'CHCHD4', 'NEK1', 'TIMM10', 'ALDOA', 'SUCLG2', 'UBR2', 'HRAS', 'IPO5', 'LDHA', 'TOMM40', 'ANXA1', 'PIGN', 'RFC4', 'TPI1', 'AURKC', 'RANGRF', 'RPS6KC1', 'GRWD1', 'ARHGAP35', 'CMTR2', 'CTNNB1', 'GAPDH', 'FOXL2', 'STK11', 'SMARCC1', 'AHR', 'ULK1', 'SLC19A1']","['NKAPD1', 'MRAP2', 'HAVCR2']","['APC', 'ATR', 'ERCC1', 'PIK3CA', 'RUVBL1', 'MARK1', 'TXNL4A', 'GLUD1', 'FLT3LG']"
28.0,2.0,2.0,3408.0,0.9333333333333333,0.9333333333333333,0.9333333333333333,0.9327468230694037,0.9333333333333333,0.9,0.9333333333333333,0.4806661268079399,"['TMEM17', 'IFT27', 'CEP120', 'KIAA0753', 'IFT80', 'TMEM216', 'TAFAZZIN', 'IFT140', 'BMP4', 'VIPR1', 'FRAS1', 'EVC2', 'CSPP1', 'FREM2', 'SMO', 'PITX1', 'TFAP2A', 'B9D1', 'MIPOL1', 'NEK1', 'GDF5', 'RAB23', 'SALL1', 'BHLHA9', 'CKAP2L', 'PIK3CA', 'TBX22', 'FGFR1']","['DYNLL1', 'LRP6']","['INPP5E', 'TOMM70']"
12.0,0.0,2.0,3426.0,1.0,0.8571428571428571,0.923076923076923,0.9255499844933457,0.8666666666666667,0.65,0.9285714285714286,0.9329831655173169,"['CAND1', 'SAE1', 'PRTFDC1', 'PTK2', 'NDRG1', 'ICAM1', 'IL18', 'ATP7B', 'NAMPT', 'ANXA1', 'ADH7', 'SOD2']",[],"['MGMT', 'STUB1']"
26.0,0.0,3.0,3411.0,1.0,0.896551724137931,0.9454545454545454,0.9464480403579417,1.0,1.0,0.896551724137931,0.8442623635761846,"['LCN2', 'MAPK14', 'EP300', 'CTNNB1', 'VEGFA', 'EIF2A', 'VPS51', 'BCL2', 'FGF9', 'PRL', 'UPF3A', 'KDR', 'KCNQ1', 'GHRL', 'GAGE1', 'STAT5A', 'SPP1', 'RASSF1', 'TGFB1', 'EEF2', 'APOA1', 'ARID1A', 'MSLN', 'KRT20', 'FAT4', 'APC']",[],"['KAT2B', 'STRADA', 'ZFP42']"
25.0,0.0,4.0,3411.0,1.0,0.8620689655172413,0.9259259259259259,0.9279327677624889,1.0,1.0,0.8620689655172413,0.6932868301822344,"['MEOX2', 'UBQLN1', 'HSPA5', 'H2AX', 'ABL1', 'C1QBP', 'NR1I2', 'MKI67', 'STAT3', 'HOXA10', 'STK11', 'GHRL', 'GAGE1', 'GMPR2', 'STAT5A', 'GRB7', 'CA1', 'ROBO1', 'APOE', 'ENO1', 'KRT20', 'DDR1', 'GKN1', 'RAMP2', 'MET']",[],"['USP21', 'SMPD4', 'POLR3C', 'C5orf49']"
26.0,0.0,3.0,3411.0,1.0,0.896551724137931,0.9454545454545454,0.9464480403579417,1.0,1.0,0.896551724137931,0.9108380972179038,"['ADRB2', 'GHITM', 'SPRED1', 'TP53', 'C1QBP', 'EIF2A', 'PGR', 'STK11', 'HOXA10', 'CLU', 'PTGER1', 'ERBB2', 'APOE', 'MPP1', 'TYRP1', 'KRT8', 'TPM3', 'PHB', 'CCND1', 'PTGS2', 'ARID1A', 'CA1', 'KMT2A', 'CA2', 'ENO1', 'GKN1']",[],"['CDCA8', 'TXNL4B', 'ERBB3']"
27.0,0.0,2.0,3411.0,1.0,0.9310344827586207,0.9642857142857143,0.9646185263937013,1.0,1.0,0.9310344827586207,0.8683073231803428,"['UBQLN1', 'H2AX', 'LCN2', 'ABL1', 'DDX31', 'ESR2', 'C1QBP', 'VPS51', 'KCNQ1', 'FGF9', 'CEACAM1', 'EGR1', 'STAT5A', 'CCN2', 'ROBO1', 'APOE', 'KRT8', 'TPM3', 'KRAS', 'PTGS2', 'CKB', 'ENO1', 'CCND1', 'MET', 'SERPINA1', 'RARB', 'PIK3CA']",[],"['VTN', 'MYH11']"
29.0,0.0,0.0,3411.0,1.0,1.0,1.0,1.0,1.0,1.0,1.0,0.8601776813074162,"['HSPA5', 'MLH1', 'MAPK14', 'AGT', 'NPPA', 'DDX31', 'KRT34', 'VEGFA', 'SMARCC1', 'EIF2A', 'CYP2E1', 'APOE', 'GPX3', 'ROBO1', 'ALOX12B', 'CLU', 'GHRL', 'EGFR', 'KRAS', 'CCND1', 'MET', 'MKI67', 'PHB', 'ENO1', 'ARID1A', 'KMT2C', 'CXCL8', 'PLCE1', 'GKN1']",[],[]
36.0,3.0,5.0,3396.0,0.9230769230769231,0.8780487804878049,0.9,0.8991119376258949,1.0,1.0,0.8780487804878049,0.4587596205331129,"['SOD1', 'UBQLN1', 'TP53I3', 'KRT31', 'MED12', 'GSTT1', 'EEF1A1', 'RPL6', 'TLR4', 'GGT1', 'PTN', 'FABP4', 'RASA1', 'CAPZB', 'PSME1', 'ACTN4', 'RBP1', 'RCN1', 'HBA1', 'SRSF2', 'PRDX2', 'LSR', 'PTGS2', 'INSIG1', 'MIF', 'DUSP6', 'S100A6', 'TRPS1', 'EIF5A', 'GSS', 'SELENOP', 'PEBP1', 'LY96', 'MMP9', 'ANXA1', 'ANXA4']","['HSP90AB1', 'COPS5', 'YWHAG']","['RTN4', 'SAFB', 'SFI1', 'ZNF350', 'NREP']"
33.0,2.0,8.0,3397.0,0.9428571428571428,0.8048780487804879,0.868421052631579,0.8697359168796693,1.0,1.0,0.8048780487804879,0.6137035903448981,"['TERF1', 'UBQLN1', 'PTGS1', 'RHOA', 'CSF2RA', 'GRIN2C', 'URI1', 'MERTK', 'YWHAZ', 'OXT', 'NDN', 'TGFBR2', 'CORO1A', 'HSPA6', 'RAN', 'RPL6', 'ANGPTL4', 'RPS14', 'PKM', 'TPM3', 'HBA1', 'VAMP8', 'SGK1', 'INSIG1', 'STMN1', 'UCP2', 'S100A6', 'CSN3', 'SLC25A10', 'G0S2', 'PRLR', 'MYC', 'KRAS']","['HSP90AB1', 'PRKN']","['AQP6', 'GTPBP4', 'EPB41', 'ASTE1', 'SLC1A3', 'MPHOSPH10', 'MARK1', 'DOCK4']"
37.0,1.0,4.0,3398.0,0.9736842105263158,0.9024390243902439,0.9367088607594938,0.9366661327049197,1.0,1.0,0.926829268292683,0.36009558278840825,"['UBQLN1', 'UBE2I', 'RHOA', 'ING1', 'HIF1A', 'TEC', 'ACTB', 'GSTT1', 'KYAT1', 'MERTK', 'CSF3R', 'CNN2', 'CASK', 'KITLG', 'ACSL1', 'TSC22D1', 'PLK2', 'DES', 'ACTN4', 'SRSF2', 'PRDX2', 'LSR', 'PTBP1', 'CCNH', 'SOX9', 'INSIG1', 'UCP2', 'MDH2', 'XDH', 'EPCAM', 'HSP90AA1', 'ANGPTL4', 'ERBB2', 'PHB', 'TPM3', 'EFEMP1', 'EZR']",['VCAM1'],"['IL6ST', 'PPTC7', 'THOC5', 'MYCBP']"
38.0,0.0,3.0,3399.0,1.0,0.926829268292683,0.9620253164556963,0.9622951514646032,1.0,1.0,0.926829268292683,0.5368884762820624,"['SOD1', 'TP53', 'KAT5', 'COMMD1', 'TEC', 'ATP7B', 'OXT', 'TGFBR2', 'HSPA6', 'CNN3', 'PTN', 'RPL3', 'HSP90AA1', 'RPS14', 'SPINT2', 'GNAI2', 'SCGB1A1', 'PSMA4', 'CAPZB', 'PLK2', 'EFEMP1', 'ABCB1', 'LSR', 'EPHX1', 'SCARB1', 'PGAM1', 'TLE4', 'THRSP', 'CSN2', 'DUSP6', 'PEBP1', 'CSN3', 'BASP1', 'G0S2', 'HRAS', 'ACKR3', 'ENO1', 'PTEN']",[],"['TRIM41', 'CARD8', 'RFWD3']"
37.0,0.0,3.0,3400.0,1.0,0.925,0.961038961038961,0.9613451737280684,1.0,1.0,0.925,0.6409375020205877,"['LNX1', 'KRT31', 'HCN4', 'BHLHE40', 'CKAP4', 'SUGT1', 'GTSE1', 'FZD10', 'CDC25A', 'SMAD7', 'CALU', 'CAMK2D', 'SLC27A6', 'TBX5', 'GNB4', 'ASAH1', 'GYPC', 'LRIG1', 'THRB', 'CYTH1', 'ZPBP2', 'PPP2R3A', 'CDKN1A', 'DGKB', 'PHLDB2', 'PHLDA1', 'CFL2', 'AOPEP', 'REEP3', 'RPL3L', 'DNAH10', 'AKAP6', 'SCN5A', 'EDN1', 'MYOCD', 'MYPN', 'MYH7']",[],"['KIF5A', 'FOSB', 'PLD2']"
28.0,0.0,5.0,3407.0,1.0,0.8484848484848485,0.9180327868852458,0.920457204361466,1.0,1.0,0.8484848484848485,0.481414335047294,"['NME2P1', 'SRC', 'COPS5', 'TBXA2R', 'BAG6', 'TBX20', 'PRDX6', 'TRIM24', 'NOX1', 'PRKAR2B', 'FASN', 'GHRL', 'FIP1L1', 'NRG1', 'ACLY', 'DSTN', 'GDF15', 'CIDEA', 'BAMBI', 'TSPAN11', 'CS', 'PEBP1', 'TNNT2', 'HMOX1', 'INS', 'CCL2', 'REN', 'EDN1']",[],"['DNAJC10', 'MPND', 'AAMP', 'ZNF670', 'TMCO6']"
39.0,7.0,1.0,3393.0,0.8478260869565217,0.975,0.9069767441860466,0.908073920689767,0.8666666666666667,0.85,0.825,0.4830050177416957,"['ESR1', 'HDAC2', 'YY1', 'A1BG', 'YAP1', 'KEAP1', 'CDK14', 'IRAK1', 'STAT1', 'PHB', 'LAMC2', 'CCNE1', 'FAHD1', 'KPNA6', 'SGO2', 'LGALS3', 'E2F7', 'CAT', 'RRM1', 'TXNIP', 'ZEB1', 'ZEB2', 'IL1RAP', 'ABCC11', 'RPS19', 'DLG3', 'RXRB', 'SREBF2', 'MRPL13', 'CPSF1', 'SNX5', 'FAM168A', 'PTPA', 'IDH3B', 'NAXD', 'APEX1', 'FKBP2', 'ARFGAP2', 'ING1']","['COPS5', 'PRKAB2', 'INSIG1', 'PHF21A', 'CPNE8', 'KIFC2', 'CAND1']",['ABHD17C']
19.0,0.0,4.0,3417.0,1.0,0.8260869565217391,0.9047619047619047,0.908361742575113,1.0,1.0,0.8695652173913043,0.9176621452216068,"['TSC1', 'CUL3', 'FGF14', 'FGF12', 'STAMBP', 'ITGB3BP', 'OPRD1', 'ERN1', 'SLC1A3', 'GRM1', 'ARID1B', 'ANKRD11', 'ASXL3', 'GABRB3', 'ABCB1', 'GFAP', 'GPX1', 'SLC1A2', 'MEF2C']",[],"['DRD2', 'EAF1', 'ANKRD45', 'NEUROD4']"
26.0,2.0,1.0,3411.0,0.9285714285714286,0.9629629629629629,0.9454545454545454,0.9451738991657767,1.0,1.0,0.9629629629629629,0.4563900889381918,"['SNCA', 'AGTRAP', 'MAPK1', 'SMARCA4', 'LRRC7', 'RHOA', 'TYK2', 'CHRM5', 'GRM5', 'SRCIN1', 'HOMER2', 'GRIN1', 'TENM3', 'CES1', 'SYT13', 'KLHL5', 'GABRA2', 'HCRT', 'SLC6A4', 'NDE1', 'PDYN', 'SLC1A2', 'OPRM1', 'POMC', 'RUVBL1', 'MANEA']","['CYSRT1', 'MEIS2']",['VDAC1']
24.0,0.0,1.0,3415.0,1.0,0.96,0.9795918367346939,0.9796524738676645,1.0,1.0,0.96,0.5733608169357652,"['TGM2', 'TFRC', 'LOX', 'ABCB4', 'GDPD1', 'MMP14', 'LAMC2', 'ADRA1A', 'TGFBR1', 'TMEM67', 'FGF2', 'STAT1', 'F2R', 'CCN2', 'TRPM7', 'ATP7B', 'COL5A2', 'CYP27A1', 'DHCR7', 'KRT8', 'SERPINA6', 'CYP1A2', 'CCL2', 'RGN']",[],['CBX5']
51.0,5.0,11.0,3373.0,0.9107142857142857,0.8225806451612904,0.864406779661017,0.8632026846220585,1.0,1.0,0.8548387096774194,0.5469691219073182,"['MEOX2', 'PLAU', 'ALB', 'ACTB', 'MASP1', 'FOS', 'PCNA', 'MAPK14', 'FAM189A2', 'CMTM5', 'IL2RB', 'TIMP1', 'RCHY1', 'JUNB', 'AGT', 'PPBP', 'MPO', 'FOSL2', 'USP15', 'ESR1', 'SGSM2', 'CRP', 'SLC3A2', 'NUMB', 'MAF', 'CALML3', 'EMX2', 'WNT5A', 'HMOX1', 'MAP2K7', 'RAD52', 'IL24', 'GJB1', 'MTHFR', 'USP18', 'IQSEC1', 'SIDT2', 'PDCD4', 'MAP4K4', 'ANKRD18A', 'TEP1', 'NOS2', 'CCL18', 'IFNG', 'CAV1', 'PRDX1', 'CD274', 'RARB', 'CCN2', 'RAMP2', 'TYMS']","['H2BC21', 'NPM1', 'COPS5', 'VKORC1', 'HSP90AB1']","['IL6', 'PYCARD', 'IL1B', 'FGF9', 'BIRC5', 'H2BC1', 'DYSF', 'PTPDC1', 'NUDCD1', 'SEC14L1', 'RBP1']"
16.0,0.0,3.0,3421.0,1.0,0.8421052631578947,0.9142857142857143,0.9172608338334308,1.0,0.85,0.8947368421052632,0.8250697179808455,"['HLA-A', 'TGFBR2', 'VCP', 'CCR4', 'SPP1', 'FXR2', 'MYBL1', 'NTRK3', 'MDM2', 'GSTP1', 'SLC5A5', 'RAF1', 'TNF', 'CD276', 'H3-3A', 'HLA-C']",[],"['SUZ12', 'VASN', 'SYPL1']"
42.0,0.0,4.0,3394.0,1.0,0.9130434782608695,0.9545454545454545,0.9549705111818968,1.0,1.0,0.9347826086956522,0.5371385481314127,"['KRTAP10-8', 'HTT', 'EEF1G', 'TP53I3', 'HDAC1', 'EGFR', 'VCAN', 'CCL11', 'SPRED1', 'GOT1', 'MED4', 'RAB19', 'AFF1', 'MAPK9', 'DIO2', 'CLDN1', 'TGFB1', 'PTGER4', 'SCGB3A1', 'ABI3BP', 'MFAP4', 'CD226', 'NEFM', 'ITGA2', 'RXFP1', 'TAGLN', 'SULF2', 'TOB1', 'DICER1', 'ANKRD1', 'NRP1', 'PRL', 'RGS4', 'AKR1C1', 'SLC40A1', 'HLA-DPB1', 'ABCC4', 'IGF1', 'DUSP1', 'ABCC9', 'NR3C2', 'IL10']",[],"['MARK3', 'RPS13', 'BEGAIN', 'UBXN8']"
17.0,0.0,3.0,3420.0,1.0,0.85,0.9189189189189189,0.9215503455802556,1.0,0.85,0.85,0.916967714219755,"['UBQLN1', 'FGF14', 'CCL11', 'GFRA1', 'SNTA1', 'COPS3', 'SLC8A1', 'RRAS', 'ATP2A2', 'DNAJC3', 'SLC8A3', 'SLC12A5', 'KCNMA1', 'AQP4', 'EPO', 'GRM1', 'TNF']",[],"['MAP2K2', 'SSRP1', 'FAM53C']"
23.0,1.0,1.0,3415.0,0.9583333333333334,0.9583333333333334,0.9583333333333334,0.9580405932864949,1.0,1.0,0.9583333333333334,0.6408179241524532,"['TEX101', 'TFRC', 'PYY', 'MICAL1', 'CD33', 'APOC1', 'WWOX', 'ATP5F1A', 'SYVN1', 'ABI3', 'RADIL', 'PLCG2', 'PCDH11X', 'IGF2R', 'P4HB', 'HLA-DRB5', 'TF', 'HFE', 'B3GNT3', 'CHRNA7', 'F2', 'LEP', 'SOD2']",['COPS5'],['MRPS23']
11.0,3.0,3.0,3423.0,0.7857142857142857,0.7857142857142857,0.7857142857142857,0.7848386289717288,0.8,0.6,0.7857142857142857,0.7104431283074596,"['CDC5L', 'TMEM17', 'WNK4', 'ITGB5', 'STK32A', 'BRSK1', 'PTK2', 'RPS6KA2', 'MAP3K15', 'ROR1', 'PDGFRA']","['ZSCAN5A', 'SRSF1', 'KIAA1328']","['MAP3K9', 'HERC2', 'MAP2K4']"
26.0,5.0,0.0,3409.0,0.8387096774193549,1.0,0.9122807017543859,0.9151400650721334,0.8666666666666667,0.85,0.8846153846153846,0.6579712798872704,"['CFTR', 'MAPK6', 'CDKN1A', 'CYP2A6', 'WWOX', 'ABHD16A', 'CFL1', 'MED4', 'FAT3', 'TPM2', 'VENTX', 'FKBP1A', 'KMT2C', 'TPM1', 'MAD2L1', 'NOTCH2', 'TPI1', 'XRCC1', 'CAPZA1', 'NOTCH3', 'LOXL2', 'SEC61A1', 'GDI2', 'ABCC2', 'TYMP', 'GSTO1']","['TMEM17', 'COMMD2', 'COMMD10', 'APP', 'C11orf87']",[]
34.0,3.0,6.0,3397.0,0.918918918918919,0.85,0.8831168831168831,0.8824812453268468,0.8666666666666667,0.9,0.875,0.43795069390537966,"['UPK1A', 'ATXN1', 'LRRK2', 'TUBB3', 'POMC', 'CRYAB', 'CDK15', 'PNKD', 'ALK', 'KRT72', 'BIRC7', 'TFE3', 'NDRG1', 'LMAN2L', 'IL13', 'TAGLN2', 'MITF', 'ACHE', 'KRT32', 'CTSB', 'GSTM1', 'PGK1', 'CARD11', 'CRABP1', 'RYR1', 'PEBP1', 'PVALB', 'INPP4B', 'UNC5C', 'GPSM3', 'GGA2', 'ERN1', 'RIOK2', 'TRIM65']","['MPHOSPH6', 'TMEM17', 'MATR3']","['MERTK', 'OGG1', 'KDR', 'ARID1A', 'CDK9', 'RPS26']"
24.0,0.0,1.0,3415.0,1.0,0.96,0.9795918367346939,0.9796524738676645,1.0,1.0,0.96,0.7820332607095795,"['SMAD2', 'PEX19', 'RAN', 'FTH1', 'SMARCA2', 'IFT88', 'CDH1', 'PHB', 'IGFBP1', 'MAPK8', 'SIRPA', 'TPM4', 'COG4', 'PTGS2', 'ZBTB8OS', 'PEBP1', 'ZBTB20', 'CHN2', 'YIF1A', 'CCDC134', 'PRICKLE2', 'CDKN2A', 'MAP2K7', 'CAT']",[],['DLG1']
18.0,0.0,2.0,3420.0,1.0,0.9,0.9473684210526316,0.9484060268775449,1.0,0.9,0.9,0.8403823021122072,"['DLG1', 'APP', 'LAMP2', 'CCR8', 'CTNNA1', 'COPS3', 'RRAS', 'TTYH1', 'CCR2', 'KCNMA1', 'ABCC2', 'CDH2', 'FOS', 'TNF', 'CRH', 'PTGS2', 'IL1RN', 'CAT']",[],"['S100B', 'CROT']"
19.0,2.0,3.0,3416.0,0.9047619047619048,0.8636363636363636,0.8837209302325582,0.8832318989668074,1.0,0.95,0.8636363636363636,0.4949765332259008,"['FN1', 'IFNA4', 'PRKN', 'TP53BP1', 'BRD2', 'DUSP6', 'MDM4', 'EGF', 'CD9', 'POLK', 'MDFI', 'CTNND2', 'SRRT', 'BMI1', 'TNFSF10', 'MMP9', 'MGMT', 'TRMT11', 'TACC3']","['CBX5', 'RFC4']","['WWP1', 'LCOR', 'CD274']"
32.0,2.0,6.0,3400.0,0.9411764705882353,0.8421052631578947,0.8888888888888888,0.8891197540636813,1.0,1.0,0.8947368421052632,0.6262464376728318,"['MYC', 'HTT', 'VCAM1', 'TNIP1', 'CSF3R', 'VCP', 'JUN', 'NFE2L2', 'S1PR2', 'THAP7', 'UGDH', 'LINGO2', 'CFLAR', 'CYP2E1', 'MACIR', 'ANXA2', 'ASNS', 'SLC38A9', 'ASH1L', 'NAT2', 'SNX10', 'SPATA21', 'TRMT11', 'GRIK2', 'GJB1', 'DDX54', 'IFT88', 'TRIO', 'TMEM132D', 'TNF', 'PHGDH', 'CSF2']","['CEP83', 'COPS5']","['IL2', 'CDKN2A', 'BCL6', 'HLA-A', 'SPECC1', 'DYNC1LI2']"
28.0,1.0,1.0,3410.0,0.9655172413793104,0.9655172413793104,0.9655172413793104,0.9652240722207058,0.9333333333333333,0.95,0.9655172413793104,0.4625701609727127,"['UBQLN2', 'CCL21', 'NPM1', 'SGTA', 'CXCL9', 'NEDD4', 'DDX31', 'MMP2', 'RAF1', 'PYCARD', 'SLC9A3R1', 'YIF1B', 'E2F2', 'F9', 'LTA', 'RYR2', 'OSMR', 'MTMR4', 'CCL23', 'FCN2', 'HGF', 'IGF2BP3', 'SEMA4F', 'FGD6', 'SF3B1', 'SLC22A5', 'MSLN', 'ENOX2']",['PRKACG'],['KRTAP9-3']
25.0,0.0,1.0,3414.0,1.0,0.9615384615384616,0.9803921568627451,0.9804370955341082,1.0,1.0,0.9615384615384616,0.6938099339537295,"['APP', 'HSPA5', 'GOPC', 'DAXX', 'BRCA1', 'MYC', 'CNR1', 'PALB2', 'PTCH1', 'CTNNB1', 'IL24', 'PALLD', 'CLPTM1', 'ATRX', 'CCL20', 'SLC29A1', 'STAT3', 'PTEN', 'CDKN2A', 'AXL', 'EFEMP1', 'MSLN', 'KRAS', 'TP63', 'VHL']",[],['EEF1G']
36.0,2.0,4.0,3398.0,0.9473684210526315,0.9,0.9230769230769231,0.9225057148777185,1.0,1.0,0.9,0.29163436829398076,"['LMNA', 'BARD1', 'IRF6', 'POU5F1', 'PBX1', 'ZDHHC17', 'LGALS3', 'BNC2', 'PTGES3', 'COL2A1', 'ASIC4', 'LRP2', 'CSNK1A1', 'PTPRS', 'RAD23B', 'DLX5', 'SIN3A', 'CASP3', 'TRIM37', 'TBCE', 'PDGFRA', 'RGS16', 'MECP2', 'ITGB1BP1', 'GSC', 'DLX1', 'RCAN1', 'NIPBL', 'JAG2', 'DLX6', 'ERCC6', 'RAB39B', 'NRXN1', 'SURF1', 'LETM1', 'FGFR2']","['TTF2', 'GRB2']","['TCF7L2', 'RPL3', 'GPR25', 'TMEM65']"
17.0,0.0,3.0,3420.0,1.0,0.85,0.9189189189189189,0.9215503455802556,1.0,0.9,0.9,0.9160788022156016,"['LAMP2', 'SSTR3', 'SRC', 'GFRA1', 'CCR8', 'SSTR5', 'CTNNA1', 'EIF2AK3', 'DNAJC3', 'CCR3', 'CHL1', 'SLC12A5', 'CCR7', 'PDXK', 'GRIA1', 'JUND', 'CASP1']",[],"['CCL3', 'MPPE1', 'VSIR']"
17.0,3.0,2.0,3418.0,0.85,0.8947368421052632,0.8717948717948718,0.8713542302734862,0.9333333333333333,0.85,0.8421052631578947,0.579039181960562,"['YY1', 'EEF1G', 'EP300', 'HOXA11', 'AKR1C3', 'CCL2', 'ESR2', 'GDF10', 'CHD4', 'NRIP1', 'MSH3', 'SEMA3B', 'TRAF4', 'MAX', 'CUX1', 'HOXA10', 'PMS1']","['FOS', 'ESRRA', 'DDX3X']","['BRMS1', 'ANXA2']"
22.0,0.0,2.0,3416.0,1.0,0.9166666666666666,0.9565217391304348,0.9571469535125184,1.0,1.0,0.9166666666666666,0.3590146299617891,"['NCOA3', 'NPY1R', 'RIN3', 'GAPDHS', 'BAG6', 'PGRMC1', 'PTPN11', 'WWOX', 'CD2AP', 'CASS4', 'PLCG2', 'INPP5D', 'IGF1R', 'MPO', 'VEGFA', 'C9', 'SLC2A4', 'IL1B', 'MAPT', 'PPARG', 'IGF2', 'BAX']",[],"['HADHB', 'TIMM17B']"
37.0,7.0,6.0,3390.0,0.8409090909090909,0.8604651162790697,0.8505747126436781,0.8487187464851179,0.7333333333333333,0.8,0.8372093023255814,0.32715002943928473,"['CALM1', 'WFS1', 'WLS', 'DNAJC12', 'ADIPOQ', 'NR3C1', 'DISC1', 'ANKMY2', 'DNMT1', 'LRP8', 'GABRB2', 'TTC3', 'SERTAD1', 'NTSR1', 'GPR50', 'SMS', 'P2RX7', 'KCTD12', 'IL9R', 'PROKR2', 'AR', 'HTR6', 'S100B', 'PROK2', 'SLC12A5', 'NTRK3', 'GLUL', 'SP110', 'GRIN2A', 'PFKFB3', 'SLC5A7', 'GAD1', 'SLC1A2', 'HTR1A', 'SST', 'PDYN', 'NPY']","['TRIM55', 'CUL3', 'VAMP3', 'IDE', 'ZBTB43', 'OPRL1', 'HSCB']","['HTR3A', 'HNRNPD', 'CALM2', 'DIPK1A', 'CELSR2', 'ZNF691']"
21.0,0.0,3.0,3416.0,1.0,0.875,0.9333333333333333,0.9350038671827408,1.0,1.0,0.875,0.38182023798330683,"['PSEN1', 'SPRED1', 'PYY', 'PGRMC1', 'HLA-DRB1', 'C5AR2', 'MICAL1', 'CD33', 'PRNP', 'SLC30A6', 'PIP4P2', 'WWOX', 'TF', 'MS4A4A', 'ZNF684', 'PHGDH', 'PICALM', 'CYP46A1', 'ACHE', 'ABCA7', 'C9']",[],"['TPTE', 'CST2', 'EGFL7']"
18.0,0.0,2.0,3420.0,1.0,0.9,0.9473684210526316,0.9484060268775449,1.0,0.9,0.9,0.6253259421101086,"['CAV1', 'PTGER3', 'SERPINA3', 'CXCL14', 'FA2H', 'WWOX', 'PRDX1', 'TPM1', 'TRMT11', 'DCC', 'ALDH2', 'MARCHF8', 'UCHL1', 'MAP3K3', 'ABCB1', 'SMYD2', 'MACIR', 'RUNX3']",[],"['FH', 'GPN1']"
17.0,0.0,2.0,3421.0,1.0,0.8947368421052632,0.9444444444444444,0.9456289244541289,1.0,0.85,0.8947368421052632,0.7002288555677078,"['RTN4', 'TP53', 'MX1', 'PTPN11', 'RAF1', 'SORL1', 'SPP1', 'TOP2A', 'BRAF', 'XRCC1', 'DMXL1', 'PPM1D', 'CAT', 'SLC5A5', 'PHLDB1', 'HID1', 'IDH1']",[],"['KRTAP9-3', 'SLC22A1']"
36.0,2.0,3.0,3399.0,0.9473684210526315,0.9230769230769231,0.935064935064935,0.9344106876526911,1.0,1.0,0.9230769230769231,0.3225845384420799,"['H2BC21', 'LMO2', 'PPP1CA', 'GABRA3', 'LTB4R2', 'CTNNB1', 'LAMP2', 'ATN1', 'DHPS', 'ASGR1', 'KLK5', 'GNB1', 'SMYD3', 'CDK8', 'MAP2K1', 'KARS1', 'PIBF1', 'COL4A1', 'NOTCH2', 'TRIM8', 'ZNF142', 'VAMP2', 'PIGB', 'TET3', 'PHACTR1', 'CIC', 'MAB21L1', 'TKFC', 'SPART', 'HK1', 'IQSEC1', 'ZNF335', 'GLRA1', 'OPRM1', 'CSDE1', 'AGO1']","['FGD5', 'ESR1']","['BRAF', 'IFT57', 'ARHGAP21']"
26.0,2.0,6.0,3406.0,0.9285714285714286,0.8125,0.8666666666666666,0.8674627373203976,0.8666666666666667,0.9,0.875,0.6977423328270913,"['HTT', 'APP', 'GHSR', 'GPR35', 'NPY2R', 'GABARAP', 'SMURF1', 'GPHN', 'PENK', 'CCKBR', 'CHRNB2', 'SCARB1', 'NR3C1', 'BDNF', 'GPSM1', 'MECP2', 'GRIN1', 'SNAP25', 'GAD2', 'PTGER3', 'MC4R', 'GALR1', 'FGF2', 'B4GALT5', 'MIEF1', 'CPSF7']","['TAC3', 'UBQLN1']","['MAOA', 'CLOCK', 'JPH1', 'XPO7', 'VWA5A', 'RNPC3']"
24.0,0.0,0.0,3416.0,1.0,1.0,1.0,1.0,1.0,1.0,1.0,0.5416214592949694,"['TEX101', 'GAPDHS', 'KRT31', 'TFRC', 'ENO1', 'PGRMC1', 'PTPN11', 'NCSTN', 'PRNP', 'ARC', 'PSEN2', 'SLC30A6', 'APOC1', 'BACE1', 'SLC2A4', 'DHCR24', 'TFAM', 'CYP46A1', 'A2M', 'IGF1R', 'IGF2R', 'BCL2', 'CST3', 'IGF2']",[],[]
20.0,0.0,4.0,3416.0,1.0,0.8333333333333334,0.9090909090909091,0.9123369303409445,1.0,1.0,0.875,0.5832620653673746,"['TEX101', 'VLDLR', 'WWOX', 'VSNL1', 'RADIL', 'TREM2', 'BCHE', 'SLC2A4', 'TFAM', 'ADAMTS1', 'TPP1', 'IL1B', 'B3GNT3', 'INSR', 'NOS3', 'CLU', 'HLA-DRB5', 'EIF2S1', 'SOD2', 'HMOX1']",[],"['TNF', 'CHP1', 'TP53TG5', 'RBMY1J']"
19.0,0.0,4.0,3417.0,1.0,0.8260869565217391,0.9047619047619047,0.908361742575113,1.0,1.0,0.8695652173913043,0.8770537359466084,"['CUL3', 'GNAO1', 'PDGFRL', 'WDFY3', 'VDAC2', 'DYRK1A', 'STX1B', 'GRM1', 'GABRB3', 'ANKRD11', 'DPF2', 'CAV1', 'ASXL3', 'FOXG1', 'RAB39B', 'SLC12A5', 'SCN1A', 'SLC4A10', 'ADRA2A']",[],"['BDNF', 'PRKDC', 'SON', 'DNAH1']"
18.0,0.0,2.0,3420.0,1.0,0.9,0.9473684210526316,0.9484060268775449,1.0,0.9,0.9,0.8714137266940134,"['COPS5', 'UBQLN1', 'LAMP2', 'RET', 'GFRA1', 'CCR8', 'S100A9', 'SLC16A2', 'RRAS', 'THY1', 'JUNB', 'DNAJC3', 'KCNK5', 'SLC12A5', 'EIF2S1', 'HTR2A', 'GRM5', 'PTGS2']",[],"['MTCH2', 'MTMR1']"
18.0,0.0,2.0,3420.0,1.0,0.9,0.9473684210526316,0.9484060268775449,1.0,0.9,0.9,0.930632455121366,"['DLG1', 'CCL11', 'CREB3', 'COPS5', 'UBQLN1', 'CCR4', 'CMTM5', 'S100A9', 'EIF2AK2', 'FOS', 'RRAS', 'JUNB', 'CCR2', 'EIF2S1', 'CCR7', 'PDXK', 'CCL3', 'GRM1']",[],"['KCNJ2', 'IKBKE']"
18.0,0.0,2.0,3420.0,1.0,0.9,0.9473684210526316,0.9484060268775449,1.0,0.9,0.9,0.8618508256281446,"['APP', 'ALB', 'FGF14', 'CSGALNACT2', 'FOS', 'IL1RN', 'SSTR2', 'EIF2AK3', 'GRIA1', 'SLC16A2', 'THY1', 'CCR3', 'CD40', 'ABCC2', 'PDXK', 'EIF2S1', 'TNF', 'NTRK3']",[],"['KRT18', 'SPATA12']"
57.0,5.0,17.0,3361.0,0.9193548387096774,0.7702702702702703,0.8382352941176471,0.8384015103829683,0.8666666666666667,0.85,0.7837837837837838,0.5794945757695606,"['IKBKG', 'CDC37', 'HSPA5', 'NRAS', 'PLEC', 'HLA-A', 'GSN', 'CYP2C9', 'DDA1', 'SHC1', 'MAP3K5', 'PARK7', 'GK', 'BPNT1', 'CXCL10', 'MST1R', 'CCR2', 'NME2', 'DHRS7', 'NR5A2', 'COL14A1', 'GANAB', 'SGF29', 'DBT', 'ANXA6', 'MMP9', 'SNX18', 'ERN1', 'GSTM1', 'PRKCD', 'ADIPOQ', 'IL11', 'ALDOB', 'MDH1', 'FMO3', 'MCCC1', 'ACOX3', 'GDA', 'PAH', 'ADAM8', 'PANX1', 'ACSL1', 'CYP2C19', 'ITPR1', 'PCYT1B', 'PLG', 'BDH1', 'BTD', 'GSTO1', 'MTPN', 'IL1A', 'ABCC2', 'AMBP', 'GPT', 'CA3', 'SPIN2A', 'GRK4']","['MEOX2', 'CAND1', 'CDC5L', 'ERBB2', 'GOLGA2']","['RDH13', 'ATG5', 'DMD', 'MTHFR', 'H1-2', 'JUND', 'SERPING1', 'F3', 'NDRG1', 'TGFBR1', 'IGHA1', 'KIAA0319L', 'CARD8', 'CCNB1IP1', 'PALMD', 'MON2', 'GRIK5']"
29.0,4.0,4.0,3403.0,0.8787878787878788,0.8787878787878788,0.8787878787878788,0.8776138253684482,0.9333333333333333,0.95,0.8787878787878788,0.6204090022409096,"['HSPD1', 'MAPK1', 'AQP2', 'LPL', 'ATF3', 'ADCYAP1', 'NDUFS2', 'EPO', 'PRKAA2', 'DMD', 'TNNI3', 'ITGB1', 'ACTC1', 'PPARD', 'PDLIM3', 'BRAF', 'MYPN', 'AVPR2', 'IL6', 'DSP', 'PLN', 'ACSM5', 'DSG2', 'PRKAG2', 'TNF', 'SCN5A', 'TMEM43', 'LDB3', 'SLC22A5']","['CUL3', 'GYS1', 'PCNA', 'CCDC124']","['POMC', 'SOD2', 'GRK2', 'LANCL2']"
14.0,0.0,1.0,3425.0,1.0,0.9333333333333333,0.9655172413793104,0.9659507786586252,0.9333333333333333,0.7,0.9333333333333333,0.6422728229209482,"['CCL11', 'TNFAIP6', 'SMO', 'TSPAN7', 'RNF4', 'HMOX1', 'CCL2', 'CASP1', 'AHR', 'CCL20', 'CXCL1', 'MYLK', 'ABCF1', 'TNFRSF1B']",[],['CD69']
14.0,0.0,3.0,3423.0,1.0,0.8235294117647058,0.9032258064516129,0.9070878031825806,1.0,0.75,0.8823529411764706,0.8641523171902823,"['IL22RA1', 'TP53', 'DYNLL1', 'CCL11', 'CCR4', 'BCL2L11', 'PLAT', 'IL18', 'CEBPB', 'MTHFR', 'COL18A1', 'IL1A', 'ICAM1', 'IL1RN']",[],"['NOS2', 'HNRNPAB', 'DRG1']"
36.0,1.0,6.0,3397.0,0.972972972972973,0.8571428571428571,0.9113924050632912,0.9122388636391039,1.0,1.0,0.9285714285714286,0.7036530106860603,"['ASF1A', 'RANBP9', 'ADK', 'HSPB1', 'ESR1', 'SRD5A3', 'SMAD1', 'LTB4R2', 'FGF14', 'COX4I1', 'IER2', 'BBS7', 'MED13L', 'FRY', 'SHANK3', 'DISC1', 'KBTBD4', 'ALDOB', 'PECR', 'UROC1', 'PRKCG', 'POLR3B', 'TRMT1', 'H4C2', 'ZCCHC8', 'EEF1B2', 'RABL6', 'CACNA1G', 'CAPN10', 'PHIP', 'CALCA', 'SURF1', 'TSEN54', 'TSEN34', 'VIP', 'NTF4']",['ANXA5'],"['PAX6', 'RAB39B', 'FOXG1', 'EMP3', 'ELF5', 'GNG2']"
29.0,1.0,5.0,3405.0,0.9666666666666667,0.8529411764705882,0.90625,0.9071801224971038,0.9333333333333333,0.95,0.8529411764705882,0.40883439945590483,"['IKBKG', 'OLFM4', 'CSNK2A1', 'PPP1CC', 'MYC', 'CLU', 'HOXD9', 'MLH1', 'XIAP', 'BRCA2', 'SPDEF', 'ITGA8', 'WDR77', 'OSBP', 'PRC1', 'GADD45A', 'CDKN1B', 'ATF3', 'ZEB1', 'FASN', 'ALOX12B', 'CCND2', 'SLC5A5', 'TRMT11', 'MTOR', 'LTB4R2', 'CXCL8', 'PIK3CA', 'SPART']",['CUL3'],"['SOD2', 'CCP110', 'S100A5', 'BRWD1', 'ESRRB']"
15.0,0.0,2.0,3423.0,1.0,0.8823529411764706,0.9375,0.9390621377646331,1.0,0.75,0.8823529411764706,0.9300055449400311,"['HSPA5', 'SORT1', 'AQP6', 'FCGR1A', 'KCNJ11', 'PRKAA2', 'PTPN1', 'LEPR', 'TRIB3', 'NR4A1', 'GNAS', 'CCL2', 'IRS1', 'LEP', 'PPARG']",[],"['NEDD4', 'NR5A2']"
32.0,1.0,8.0,3399.0,0.9696969696969697,0.8,0.8767123287671234,0.879542253626884,1.0,1.0,0.8,0.47856473780094266,"['SMCP', 'NEK4', 'SGTB', 'LAMTOR5', 'MFSD14B', 'RC3H2', 'BLOC1S1', 'PCDHB11', 'CEP55', 'EZR', 'RP2', 'C7orf50', 'TMF1', 'HOOK3', 'GP1BB', 'TTK', 'LSM5', 'NRG1', 'GAB1', 'S100P', 'THAP3', 'SRSF10', 'DACT3', 'CAMK2D', 'RASL10B', 'IL34', 'TOP2A', 'PTGER3', 'CYP19A1', 'LHB', 'SRD5A1', 'BCL2']",['CUL3'],"['NEFL', 'SRA1', 'RUNX1T1', 'MPP1', 'REXO4', 'BBS10', 'ELK4', 'FRAT2']"
31.0,1.0,4.0,3404.0,0.96875,0.8857142857142857,0.9253731343283582,0.9255873703508855,1.0,1.0,0.9142857142857143,0.47564874191304324,"['CSNK2A1', 'MKI67', 'PRKN', 'CLU', 'CAVIN2', 'CTNNB1', 'IL11RA', 'MAPK1', 'BRIP1', 'URI1', 'SMARCA4', 'OSBP', 'SKP2', 'ALOX5', 'ATG7', 'MSH6', 'NR5A1', 'HAUS6', 'EDNRA', 'OPCML', 'SULF1', 'PMS1', 'CDKN1B', 'CXCL8', 'MACIR', 'TYMS', 'ATF3', 'SLC5A5', 'RNF43', 'TRMT11', 'MSLN']",['COPS5'],"['FAM107A', 'SOD2', 'MRE11', 'USH2A']"
13.0,2.0,1.0,3424.0,0.8666666666666667,0.9285714285714286,0.896551724137931,0.89665212008541,0.8666666666666667,0.65,0.8571428571428571,0.8132750757021945,"['SDCBP', 'EGFR', 'YAP1', 'PTEN', 'CCNE1', 'CASP8', 'TWIST1', 'MAPK15', 'WEE1', 'ATP7B', 'HOXA5', 'KISS1', 'MERTK']","['KRTAP5-9', 'PSMD4']",['KRTAP10-3']
30.0,2.0,4.0,3404.0,0.9375,0.8823529411764706,0.9090909090909091,0.9086365868248439,0.9333333333333333,0.95,0.9117647058823529,0.6627674420147983,"['NR3C2', 'FN1', 'RGS2', 'KRT31', 'UBE2I', 'UBQLN1', 'SUGP2', 'TMEM237', 'RB1', 'MATN3', 'TGFA', 'RPS14', 'RPL3', 'GATM', 'ANXA1', 'SNCG', 'DES', 'LIN7A', 'SRSF2', 'COL5A1', 'PTBP1', 'CCNH', 'KRT5', 'HBA1', 'PEBP1', 'SLC25A10', 'RBP4', 'NSMF', 'ID4', 'GATA3']","['CUL3', 'VCAM1']","['PTGER1', 'ENO1', 'GPX3', 'MUC1']"
59.0,6.0,14.0,3361.0,0.9076923076923077,0.8082191780821918,0.8550724637681159,0.8536109187945761,0.8666666666666667,0.85,0.821917808219178,0.6024035275798045,"['UBQLN2', 'TEX101', 'ACTB', 'HERC3', 'HLA-A', 'BECN1', 'GSN', 'ATM', 'CYP2C9', 'TUBA1A', 'ASPSCR1', 'TCTN1', 'MAP3K5', 'IMMT', 'UNC93B1', 'BPNT1', 'ANXA2', 'ABI1', 'APOB', 'DNAJC12', 'CRP', 'PDK2', 'TCTN3', 'REEP5', 'GSTM2', 'DLAT', 'C2orf50', 'HMOX1', 'ACTR3', 'SRP72', 'ATG13', 'GANAB', 'PTF1A', 'SNX18', 'CFAP20', 'BAX', 'UGT1A9', 'CCDC27', 'PRSS2', 'HELZ', 'SENP2', 'FGA', 'CYP3A4', 'FMO3', 'DCLRE1C', 'GPD1', 'USP5', 'SULT1C3', 'CELA1', 'HLA-DRB5', 'ITPR1', 'GC', 'TMED7', 'PNRC1', 'CCDC80', 'SLC10A7', 'PTGS2', 'ABCC2', 'SPIN2A']","['HTT', 'FN1', 'SNW1', 'NEK4', 'PCNA', 'LNX1']","['VWF', 'TNF', 'GSTP1', 'ARNT', 'SOD2', 'SOD3', 'FLT1', 'JUND', 'SERPING1', 'NOP56', 'FOXP3', 'PWP1', 'FAHD2A', 'OSMR']"
32.0,2.0,4.0,3402.0,0.9411764705882353,0.8888888888888888,0.9142857142857143,0.9137861375120351,0.9333333333333333,0.9,0.9166666666666666,0.6582224998100455,"['BAG3', 'NEK4', 'PYCARD', 'UPK1A', 'APC', 'VHL', 'APLNR', 'NF2', 'MAP3K5', 'RELA', 'BIRC5', 'RPL14', 'KRT8', 'IL6R', 'ALAD', 'MSGN1', 'MANF', 'TOX4', 'CASP2', 'AHNAK', 'TTL', 'ALK', 'ACY1', 'L1CAM', 'CUL7', 'FLCN', 'ALOX12B', 'SYNE2', 'GSTM1', 'TNFSF10', 'ZNF765', 'INPP4B']","['STK11', 'COPS5']","['UNC5C', 'ARMC8', 'NVL', 'HERC4']"
33.0,1.0,3.0,3403.0,0.9705882352941176,0.9166666666666666,0.9428571428571428,0.9426630419825411,0.9333333333333333,0.95,0.9166666666666666,0.5479105676859064,"['CASP9', 'APC', 'M6PR', 'NF2', 'GRB7', 'ELOC', 'PTEN', 'YIPF3', 'IL6R', 'AP5M1', 'CNN2', 'TOX4', 'CASP2', 'HNF1A', 'KDM5C', 'CTSD', 'EPAS1', 'ADIPOQ', 'ALOX5', 'CTSB', 'CUL7', 'TAGLN2', 'ALOX12B', 'SYNE2', 'PDXDC1', 'TET2', 'PEBP1', 'GSTM1', 'AKAP13', 'CRABP1', 'ZNF536', 'FAM111B', 'NAV3']",['YWHAG'],"['PPP1R21', 'C11orf1', 'NEU4']"
32.0,2.0,4.0,3402.0,0.9411764705882353,0.8888888888888888,0.9142857142857143,0.9137861375120351,1.0,1.0,0.8888888888888888,0.4749712431114061,"['UPK1A', 'SREBF1', 'PYCARD', 'ZER1', 'HSPA5', 'APLNR', 'TSC1', 'PTPRN2', 'ERBB2', 'VHL', 'DCAF4', 'IL6R', 'ALAD', 'SPTBN4', 'TGM2', 'APAF1', 'PIDD1', 'FMN2', 'KDM5C', 'AHNAK', 'HSPD1', 'AURKA', 'FLCN', 'INPP4B', 'ANXA4', 'SLC49A4', 'ZNF804A', 'SGTB', 'PAK1', 'ALDH1A1', 'MET', 'PTGS2']","['HTT', 'MAPK6']","['KPRP', 'AMBP', 'NDN', 'ZBED8']"
54.0,16.0,8.0,3362.0,0.7714285714285715,0.8709677419354839,0.8181818181818182,0.8161979972721652,1.0,1.0,0.8064516129032258,0.31565472214047197,"['VHL', 'IFNA21', 'IFNGR1', 'HSP90AA1', 'ERBB3', 'STUB1', 'PRKCZ', 'TEF', 'CXCL10', 'HSPA5', 'NDUFV2', 'CCND1', 'RAPGEF5', 'PFKFB3', 'ABI3BP', 'LHPP', 'FGFR1', 'ATP7B', 'APAF1', 'DGUOK', 'AKAP8', 'SRRT', 'MORC1', 'DLG2', 'NR4A1', 'IL24', 'DLG3', 'PRKCB', 'CTNND2', 'ENPEP', 'GMIP', 'MYT1L', 'MAP2', 'SLIT3', 'PSEN2', 'SST', 'TYK2', 'GFAP', 'CENPB', 'DRD2', 'GRIA2', 'CMTM5', 'GALR1', 'GDNF', 'USP46', 'HPSE', 'REST', 'MDH1', 'KPNA3', 'BDNF', 'CRP', 'PPIC', 'TH', 'MDFI']","['UBE2E1', 'RAD23A', 'PPP2CB', 'RPN1', 'SEC14L1', 'GAS8', 'RPAP3', 'PITX2', 'PELO', 'SF3B6', 'HSCB', 'CDC5L', 'ZSCAN23', 'H1-5', 'NPY1R', 'CDC37']","['SLC6A4', 'TOMM22', 'GRPR', 'SPTLC1', 'CST4', 'GCNT1', 'NSUN4', 'CTSH']"
33.0,1.0,3.0,3403.0,0.9705882352941176,0.9166666666666666,0.9428571428571428,0.9426630419825411,1.0,1.0,0.9444444444444444,0.25804895307149434,"['TMEM17', 'NEK4', 'BAG3', 'UPK1A', 'SOX2', 'TAFA1', 'CBLB', 'PTPRN2', 'SGTB', 'KEAP1', 'POMC', 'SLC2A1', 'PAK1', 'NF2', 'ALAD', 'TGM2', 'MSGN1', 'LMAN2L', 'TTL', 'BCHE', 'HNF1A', 'NDRG1', 'KDM5C', 'TFE3', 'IL13', 'FMN2', 'L1CAM', 'FLT1', 'ACHE', 'PDXDC1', 'PEBP1', 'ZNF536', 'BTG3']",['COPS5'],"['OGG1', 'POLRMT', 'RPUSD3']"
19.0,4.0,4.0,3413.0,0.8260869565217391,0.8260869565217391,0.8260869565217391,0.8249163390210075,0.8,0.85,0.8260869565217391,0.6737028959213033,"['HSP90AB1', 'HRAS', 'PMS2', 'MLH1', 'NTRK1', 'AXIN1', 'PRKCZ', 'IRF2', 'PKN1', 'POLE', 'ROR1', 'BAX', 'CDC42BPB', 'CAMKK2', 'BRAF', 'CDK12', 'PHKG1', 'ARAF', 'RET']","['H3C12', 'GRAP2', 'FKBP7', 'TMEM141']","['DLC1', 'ATP2A2', 'RAB5C', 'ZNF414']"
20.0,0.0,4.0,3416.0,1.0,0.8333333333333334,0.9090909090909091,0.9123369303409445,1.0,1.0,0.875,0.5671696519675135,"['KRTAP10-3', 'HSCB', 'MKRN3', 'SOX30', 'SRF', 'CTF1', 'PRKCB', 'MT2A', 'PLD1', 'AKAP5', 'SIRT4', 'AKT1', 'IGF1', 'SLC2A4', 'PRKAA2', 'OAT', 'ATP2A2', 'POMC', 'HMOX1', 'GRK2']",[],"['EDN1', 'KCNAB2', 'SUN2', 'DNHD1']"
16.0,1.0,3.0,3420.0,0.9411764705882353,0.8421052631578947,0.8888888888888888,0.8896947548765681,0.9333333333333333,0.8,0.8421052631578947,0.7617531453249231,"['TNFAIP6', 'ALB', 'COPS5', 'IFNGR1', 'CASP1', 'TAC1', 'CYP1A1', 'HP', 'CD40LG', 'HLA-DRB4', 'IL13', 'TGFB1', 'IL5RA', 'TNFRSF1B', 'CCR9', 'MTHFR']",['CCL5'],"['HNRNPAB', 'UTP20', 'TMTC1']"
21.0,0.0,4.0,3415.0,1.0,0.84,0.9130434782608696,0.9159788515614052,1.0,1.0,0.88,0.5642086258797164,"['YWHAZ', 'GRB2', 'DRD2', 'GABRB2', 'SYNCRIP', 'SLC6A1', 'ANKRD11', 'KCNH1', 'CERT1', 'TCF7L2', 'ASXL3', 'PAK1', 'TRIP12', 'SETD5', 'PAX5', 'PTK7', 'MEF2C', 'SYNGAP1', 'FOXP1', 'KMT2E', 'RIMS1']",[],"['BRSK2', 'KAT2B', 'PPFIBP1', 'SLC4A1AP']"
13.0,0.0,4.0,3423.0,1.0,0.7647058823529411,0.8666666666666666,0.8739641390797831,0.8666666666666667,0.7,0.7647058823529411,0.7326917588306889,"['UBQLN1', 'CALM1', 'LPA', 'PLA2G2A', 'SOD1', 'CCL4', 'TRPV1', 'NR1H4', 'ICAM1', 'CCL2', 'HP', 'ALOX15', 'AHR']",[],"['TP53', 'CDKN1A', 'VDAC3', 'PARP9']"
24.0,1.0,0.0,3415.0,0.96,1.0,0.9795918367346939,0.9796524738676645,1.0,1.0,1.0,0.6947544726931829,"['GRB2', 'TP53', 'CDK15', 'ATP5F1B', 'AKR1C1', 'SIRT1', 'IL6ST', 'UGT1A9', 'PCDHB5', 'IFNA2', 'MPO', 'VEGFA', 'GFER', 'ATG7', 'LRP2', 'HEXB', 'RAPGEF3', 'SLC22A12', 'B2M', 'AHSG', 'KNG1', 'GSTP1', 'GC', 'EPHX2']",['DDX31'],[]
25.0,6.0,4.0,3405.0,0.8064516129032258,0.8620689655172413,0.8333333333333334,0.8323394079157113,1.0,0.95,0.8620689655172413,0.25872948617671676,"['HTT', 'DAXX', 'PSMC3', 'HSCB', 'DUSP6', 'PML', 'IFNA2', 'CCL2', 'YWHAZ', 'BRD2', 'TES', 'JAG1', 'WT1', 'HEY1', 'CSTB', 'TNFSF10', 'MACIR', 'GRIK2', 'PINK1', 'NUDT12', 'CYTH3', 'PRKCB', 'PRKD3', 'IDH2', 'INSRR']","['MECP2', 'FH', 'HSP90AB1', 'STAT3', 'ISG15', 'PPP1R21']","['TERT', 'AHSA1', 'SYCE3', 'NSFL1C']"
60.0,10.0,12.0,3358.0,0.8571428571428571,0.8333333333333334,0.8450704225352113,0.841893085133848,0.9333333333333333,0.9,0.8333333333333334,0.3524523417641803,"['FYN', 'EEF1A1', 'DLG4', 'TFAP2C', 'BMP7', 'SMAD4', 'HSPB1', 'ALB', 'HTR1A', 'MUC1', 'IGF1', 'CAV1', 'MKI67', 'FSD1', 'PRKAA1', 'APC', 'IGFBP3', 'CST7', 'MARCHF6', 'FBP1', 'BAP1', 'RPS6', 'ECM1', 'FGG', 'DNMT3B', 'PRKCB', 'ITGA8', 'TP53', 'IRF1', 'XRCC1', 'AGTR2', 'FADS1', 'RBP4', 'UBAC1', 'PRDX5', 'TNFRSF9', 'ADRB1', 'IL1RN', 'DPYD', 'REG4', 'ZNF177', 'ID4', 'HBEGF', 'SPRR2A', 'RNF43', 'RPL18', 'UPF3A', 'CCT7', 'RAD23A', 'TBL3', 'GMPR2', 'APEX1', 'NMNAT1', 'ACE', 'PTPA', 'ABT1', 'NBAS', 'URM1', 'CDH2', 'PTOV1']","['GSK3B', 'LMNA', 'UBE2I', 'MAPK6', 'OTX2', 'MAX', 'KRTAP10-8', 'PTPRD', 'CDC37', 'RNF6']","['IL6', 'PYCARD', 'PGAM1', 'RPL23', 'SNRPN', 'PIK3CA', 'TASOR2', 'ASF1B', 'EME1', 'ACOT9', 'LHX9', 'ZDHHC24']"
28.0,1.0,5.0,3406.0,0.9655172413793104,0.8484848484848485,0.9032258064516129,0.9042676818045995,1.0,1.0,0.8484848484848485,0.4512625217592859,"['HSPA5', 'UBE2I', 'EHMT2', 'CDC73', 'ASMTL', 'LPAR1', 'CEBPD', 'HCFC1', 'NECTIN4', 'TSC2', 'FXYD6', 'H1-0', 'EHD3', 'ASXL2', 'IFI30', 'SPRY4', 'SYNGR1', 'ATP1B1', 'ACP5', 'ADAM21', 'CASP7', 'RASGRP1', 'HOXA9', 'CTNNA1', 'CD44', 'KRAS', 'WT1', 'MET']",['MEOX2'],"['FYN', 'PBX4', 'LIMK2', 'SLX9', 'CGGBP1']"
30.0,1.0,3.0,3406.0,0.967741935483871,0.9090909090909091,0.9374999999999999,0.9373801724364805,1.0,1.0,0.9090909090909091,0.491161558003059,"['PIK3R1', 'APP', 'CCT4', 'NDUFA11', 'RAC1', 'ITGB1', 'AVPR2', 'C17orf97', 'XDH', 'GPX4', 'NOX1', 'ATP2A1', 'RETN', 'KAT8', 'APCS', 'NRIP1', 'GDF15', 'CS', 'ADRB3', 'BAMBI', 'ATP2A2', 'INS', 'AVP', 'HMOX1', 'IL1R1', 'DRD4', 'ACE', 'CYBB', 'NPR1', 'TNF']",['WDR5'],"['COP1', 'ITGA9', 'PLOD1']"
16.0,1.0,0.0,3423.0,0.9411764705882353,1.0,0.9696969696969697,0.9700008217947925,1.0,0.8,0.9375,0.2841978929523083,"['TP53', 'ATM', 'ESR1', 'IKZF1', 'CBFA2T2', 'CYP1A2', 'HCK', 'NOC4L', 'CEBPE', 'NAT2', 'CYP2C8', 'RUNX1', 'SOCS1', 'EPHX1', 'BCCIP', 'NOTCH2']",['NAP1L2'],[]
33.0,0.0,0.0,3407.0,1.0,1.0,1.0,1.0,1.0,1.0,1.0,0.49938072606148315,"['MEOX2', 'MVP', 'NDUFA11', 'SELENOF', 'SIRT1', 'TBX20', 'ESS2', 'ALB', 'PRDX6', 'TNNI3', 'VEGFA', 'RBP4', 'NR3C2', 'PRKAR2B', 'PRL', 'ACLY', 'IFNG', 'DSTN', 'CIDEA', 'TLR2', 'APP', 'ADRA2C', 'AVP', 'GCG', 'PLAT', 'SERPINE1', 'CCN2', 'CXCL2', 'AGT', 'NOX4', 'ACE', 'SOD3', 'EDNRA']",[],[]
36.0,0.0,4.0,3400.0,1.0,0.9,0.9473684210526316,0.9481257409655911,1.0,1.0,0.9,0.6067452489889048,"['MFF', 'H2BC9', 'CALM2', 'CLDN10', 'CAV1', 'MBD5', 'ARMH3', 'SGCA', 'XPO7', 'TTN', 'LRIG1', 'PRRX1', 'FBXO32', 'CYTH1', 'DPF3', 'USP34', 'MYOZ1', 'XXYLT1', 'PHLDA1', 'NACA', 'SSPN', 'MYO18B', 'RPL3L', 'AKAP6', 'APP', 'NEBL', 'NOS3', 'DES', 'RABIF', 'MYOT', 'HSPG2', 'MYPN', 'NPPB', 'NR3C1', 'EDN1', 'ACE']",[],"['YAP1', 'PNMA3', 'UBQLN1', 'FGFR1']"
21.0,0.0,3.0,3416.0,1.0,0.875,0.9333333333333333,0.9350038671827408,1.0,1.0,0.875,0.616324497200586,"['FN1', 'GRB2', 'SNX27', 'TNC', 'CYP2C18', 'TFF3', 'SP110', 'AVP', 'HBEGF', 'PPARG', 'TNF', 'CCR5', 'ORM1', 'CLU', 'UGT1A1', 'IL6', 'GC', 'AMBP', 'CST3', 'BDKRB2', 'HP']",[],"['HOXA1', 'FXR2', 'RNF113A']"
20.0,0.0,1.0,3419.0,1.0,0.9523809523809523,0.975609756097561,0.9757573870682547,1.0,1.0,0.9523809523809523,0.8841572586328265,"['UBB', 'MYC', 'SAE1', 'LEPR', 'GOLM1', 'GRPR', 'F2R', 'ESRRG', 'NDN', 'TLR4', 'FOXA1', 'HHEX', 'SIRT7', 'GPD1L', 'CYP7B1', 'POMC', 'CYCS', 'ANGPTL4', 'GPT', 'SERPINE1']",[],['SH2D4A']
17.0,3.0,0.0,3420.0,0.85,1.0,0.9189189189189189,0.9215503455802556,0.8666666666666667,0.85,0.8823529411764706,0.5649427314026824,"['NEK4', 'HDAC2', 'H4-16', 'MBD3', 'B3GAT1', 'TCF4', 'COL4A2', 'LUM', 'EPHB2', 'MBD2', 'BCL2L11', 'RFX7', 'FBRSL1', 'UHRF1BP1', 'CASP8', 'RNF43', 'BRCA2']","['KRTAP2-4', 'GOT2', 'SGTA']",[]
13.0,0.0,4.0,3423.0,1.0,0.7647058823529411,0.8666666666666666,0.8739641390797831,0.9333333333333333,0.7,0.8235294117647058,0.7363592420351842,"['JAK2', 'PTPN11', 'FANCC', 'JPH1', 'CTC1', 'TAL1', 'LYL1', 'FGB', 'SMPD3', 'SMAD1', 'ZRSR2', 'CDKN2B', 'BMI1']",[],"['ATRX', 'KRT31', 'FOS', 'TIAM1']"
33.0,0.0,7.0,3400.0,1.0,0.825,0.9041095890410958,0.9073615378534056,1.0,1.0,0.825,0.5554823454702206,"['GSC2', 'H1-2', 'CSNK2A1', 'SNRNP27', 'PTPN12', 'UBQLN4', 'NCOA2', 'ASXL2', 'CLDN10', 'CDKN1A', 'SMAD7', 'SOX5', 'KCNA5', 'RPS2', 'KDM2A', 'WNT3', 'NUCKS1', 'LHX3', 'GYPC', 'KCNE2', 'SUN1', 'SCMH1', 'SELE', 'MYOZ1', 'TNFSF12', 'RPL3L', 'CEP68', 'HSPG2', 'SORL1', 'TTN', 'NEBL', 'SCN5A', 'EDN1']",[],"['LARP7', 'TSPAN33', 'RPS18', 'H2AC20', 'DECR1', 'NDUFA9', 'EPB41L2']"
31.0,1.0,5.0,3403.0,0.96875,0.8611111111111112,0.911764705882353,0.9124986909552825,1.0,1.0,0.8611111111111112,0.7262022030937245,"['FOS', 'PIK3R2', 'SLC39A9', 'OTX2', 'FCGR1A', 'AVL9', 'PLK2', 'MAFF', 'GMPR', 'GP1BA', 'CD14', 'HERPUD2', 'NDEL1', 'CTLA4', 'MS4A4A', 'KCNJ15', 'C9orf72', 'CD83', 'TFPI', 'TFDP1', 'CTTN', 'SIK1', 'RERE', 'PCYT1B', 'RHOBTB1', 'TREML1', 'JUN', 'MAML2', 'SH3BGRL2', 'THBS1', 'FOXP1']",['HTT'],"['P2RY6', 'CYTH1', 'DNAJA2', 'TSHR', 'MUC1']"
65.0,7.0,9.0,3359.0,0.9027777777777778,0.8783783783783784,0.8904109589041096,0.8881223972812265,0.7333333333333333,0.75,0.8918918918918919,0.49674085518767924,"['VCAM1', 'RABAC1', 'CDK15', 'HMGB1', 'HSPA5', 'TUBA1A', 'APOA1', 'MAP1LC3B', 'FIS1', 'GK', 'CLU', 'QDPR', 'E2F1', 'ABI1', 'IL1RAP', 'GRPR', 'ECHS1', 'HMGB3', 'GSTM2', 'SGF29', 'ACTN4', 'HMOX1', 'ATG5', 'DMD', 'NR1H3', 'ATG13', 'C2orf50', 'TMED9', 'PCYT1A', 'NR1I2', 'FASN', 'CAT', 'PRKCD', 'SULT1E1', 'SELENBP1', 'CFAP20', 'PRSS2', 'CSF3', 'GSTM1', 'FGA', 'MCCC1', 'FMO3', 'PDLIM5', 'KNG1', 'EDEM1', 'PDK4', 'CYP2B6', 'ADAM8', 'PUM1', 'SORD', 'CYP2C19', 'CDC25B', 'FADS2', 'PYGL', 'PLG', 'BDH1', 'GGH', 'ABCC1', 'IL1A', 'RIPK3', 'S100A11', 'ALDH9A1', 'DSC2', 'GSR', 'DGAT2']","['HTT', 'CUL3', 'YWHAG', 'CDC5L', 'ATXN1', 'YWHAZ', 'NOTCH2NLA']","['FADS1', 'JUND', 'F7', 'TGFBR1', 'PSME1', 'BRD1', 'DYRK2', 'SLC27A2', 'ALDH1B1']"
13.0,0.0,2.0,3425.0,1.0,0.8666666666666667,0.9285714285714286,0.9306776452090689,1.0,0.75,1.0,0.7580395640294066,"['PF4', 'TNFAIP6', 'MYD88', 'EGR1', 'CCL2', 'SIRT1', 'AGT', 'CCL17', 'IL17A', 'IL1R1', 'CXCR3', 'TGFB1', 'IL1B']",[],"['IFNG', 'CCL4']"
32.0,1.0,4.0,3403.0,0.9696969696969697,0.8888888888888888,0.927536231884058,0.9276986223808573,1.0,1.0,0.8888888888888888,0.37828130512700886,"['MYH9', 'ATN1', 'RNF181', 'SLC39A9', 'TNFSF13B', 'OSM', 'FCGR1A', 'LBP', 'H2AC8', 'SLC22A16', 'CXCR2', 'MYZAP', 'NR4A2', 'TUBB2A', 'PACSIN2', 'TFPI', 'ACP3', 'ITGA2B', 'BTG1', 'STIM1', 'MAP2', 'ZFAND3', 'SIPA1L1', 'RHOBTB1', 'SLC2A3', 'STAB1', 'KAT6B', 'AOPEP', 'WWOX', 'AREG', 'CD83', 'TNFAIP6']",['GMPR2'],"['VENTX', 'VPS26B', 'SWAP70', 'CAB39']"
61.0,7.0,13.0,3359.0,0.8970588235294118,0.8243243243243243,0.8591549295774648,0.8569900144163326,0.8,0.85,0.8243243243243243,0.47114846073106703,"['VCP', 'HLA-DQA1', 'RABAC1', 'CDK15', 'HERC3', 'CCT3', 'HSPA5', 'CYP2C9', 'RDH13', 'LGALS3', 'SLC15A1', 'ZDHHC23', 'IMMT', 'ENO1', 'SIRPA', 'APOE', 'E2F1', 'SGSM3', 'CXCL10', 'DEFA6', 'LCN2', 'REEP5', 'NME2', 'HADHA', 'SUOX', 'ACTR3', 'PGM1', 'NR5A2', 'TMED9', 'PCYT1A', 'WASL', 'FASN', 'CAT', 'DBT', 'CFAP20', 'BDKRB2', 'DCLRE1C', 'ATP6V1D', 'GCLC', 'FMO3', 'ACOX3', 'SULT1C3', 'CYP2B6', 'HAO2', 'IL4', 'SESN2', 'PCYT1B', 'PC', 'NAT2', 'PAN2', 'LRAT', 'HLA-DQB1', 'SLC10A7', 'RIPK3', 'ABCC2', 'SOD3', 'GPT', 'LBP', 'GSR', 'AASS', 'GRK4']","['CUL3', 'HSPB1', 'HSPA8', 'YWHAZ', 'PRKN', 'CUL5', 'AGR2']","['CHEK1', 'MMGT1', 'NEDD4', 'JUND', 'HNRNPA2B1', 'SLC13A4', 'NDUFS5', 'TXNDC16', 'TGFBR1', 'NMU', 'DPH1', 'DOCK9', 'DCAF17']"
27.0,1.0,1.0,3411.0,0.9642857142857143,0.9642857142857143,0.9642857142857143,0.9639926310500754,1.0,1.0,0.9642857142857143,0.3107059787725937,"['ZDHHC17', 'RD3', 'USH1C', 'IFT122', 'TSC1', 'RPE65', 'WDR19', 'BBS1', 'VHL', 'SPATA7', 'CRYL1', 'CC2D2A', 'XPNPEP3', 'LCA5', 'KIF7', 'TRIM32', 'CLRN1', 'NEK1', 'NKX2-5', 'FOXH1', 'ATXN10', 'CPLANE1', 'NEK8', 'BBS5', 'CRELD1', 'CEP41', 'MKS1']",['NBPF15'],['HEPACAM2']
56.0,6.0,18.0,3360.0,0.9032258064516129,0.7567567567567568,0.823529411764706,0.8233403005375575,0.9333333333333333,0.95,0.7837837837837838,0.5817303123368207,"['UBQLN2', 'VCP', 'RABAC1', 'CDK15', 'GSTM3', 'HMGB1', 'BECN1', 'IL4R', 'DYNLT1', 'PRKDC', 'TCTN1', 'MAP1LC3B', 'RDH13', 'UBA5', 'BPNT1', 'ANXA2', 'DEFA6', 'CXCL10', 'NME2', 'MED1', 'RASA1', 'C2orf50', 'HADHA', 'COL14A1', 'ECHS1', 'ACTN4', 'ANXA6', 'MMP9', 'C3', 'CFAP20', 'PRSS2', 'CKB', 'CPS1', 'GANAB', 'OGDH', 'SESN2', 'POLG', 'SORD', 'HAO2', 'GC', 'FGA', 'TMED7', 'HLA-DQB1', 'PNP', 'LRAT', 'PLS3', 'CDC25B', 'HACL1', 'BTD', 'IGF1', 'EIF4EBP2', 'HAVCR1', 'GSR', 'CA3', 'VWF', 'FADS1']","['GRB2', 'BRCA1', 'ERBB2', 'DLST', 'LNX1', 'P2RY6']","['CTNNB1', 'TF', 'GRPR', 'KRT18', 'NR1H4', 'KRT8', 'MMP2', 'SLC13A4', 'TAGLN2', 'PCOLCE', 'CBWD1', 'PSMA6', 'RNF19B', 'NSF', 'AGT', 'NDUFS2', 'POMK', 'MGARP']"
25.0,0.0,1.0,3414.0,1.0,0.9615384615384616,0.9803921568627451,0.9804370955341082,1.0,1.0,0.9615384615384616,0.6650618653835447,"['LRRK2', 'CCR5', 'RAN', 'DUSP14', 'PSMD3', 'PSME1', 'PSME3', 'HSP90AB1', 'CCT7', 'SRSF1', 'SMARCA4', 'HSPD1', 'KIR3DL1', 'RAB32', 'BAG3', 'ILF2', 'NUTF2', 'TRIM34', 'CCL3L1', 'IL10', 'BAX', 'CCL3', 'APOA1', 'CCL2', 'SIRT1']",[],['OXCT2']
32.0,0.0,4.0,3404.0,1.0,0.8888888888888888,0.9411764705882353,0.9422555874447995,1.0,1.0,0.9166666666666666,0.6288667799633321,"['TNFAIP6', 'PTPRD', 'GOLM1', 'KRTAP10-8', 'OLR1', 'IMPDH2', 'PIK3R2', 'MALL', 'PER1', 'BATF2', 'EIF2B2', 'SLC22A16', 'ITIH2', 'WASF3', 'NDEL1', 'CXCL1', 'DYSF', 'TFPI', 'MFN1', 'APOBEC3A', 'MAD1L1', 'ALOX12', 'UBE3C', 'RERE', 'SIK1', 'KAT6B', 'TCF7L2', 'BEND2', 'JMJD1C', 'KLF4', 'MYH9', 'HBEGF']",[],"['IL1RN', 'PTTG1', 'ZNF12', 'DDX10']"
32.0,0.0,4.0,3404.0,1.0,0.8888888888888888,0.9411764705882353,0.9422555874447995,1.0,1.0,0.8888888888888888,0.4831279561165342,"['MAPK1', 'PTPRD', 'GAPDHS', 'NINL', 'ACTB', 'MALL', 'MYH9', 'LBP', 'HRAS', 'H2AC8', 'KRTAP10-8', 'WASF3', 'MYZAP', 'ASAP1', 'KCNJ15', 'TNFSF13B', 'FCHSD2', 'BTG1', 'ZFC3H1', 'TNFAIP8', 'TTLL5', 'RERE', 'DUSP1', 'JMJD1C', 'STAB1', 'TREML1', 'KAT6B', 'R3HDM2', 'MEX3C', 'OTX2', 'COL4A6', 'AQP9']",[],"['PICK1', 'ATL3', 'KRTAP15-1', 'CCDC141']"
11.0,0.0,3.0,3426.0,1.0,0.7857142857142857,0.88,0.8860174217480403,0.7333333333333333,0.55,0.7857142857142857,0.6107343758591429,"['COPS5', 'COL18A1', 'EMILIN1', 'PIAS3', 'MED12', 'COL4A5', 'JAG1', 'MYH11', 'GATA5', 'FBXO46', 'COL9A2']",[],"['ST8SIA4', 'MDH2', 'ANKRD23']"
14.0,2.0,6.0,3418.0,0.875,0.7,0.7777777777777777,0.7815130794412245,0.9333333333333333,0.85,0.85,0.6787760557231294,"['ALB', 'MDFI', 'SPP1', 'PTX3', 'FGF1', 'DSP', 'FGF2', 'HGF', 'AREG', 'TGFB1', 'SOD3', 'CMA1', 'HMGB1', 'IL1B']","['KRTAP10-3', 'IL13RA1']","['CD79B', 'EDN1', 'CCL3', 'IL6', 'SOD1', 'CENPA']"
