tp,fp,fn,tn,precision,recall,f_measure,mcc,precision@15,precision@20,precision@n_positives,tp_proteins,fp_proteins,fn_proteins
25.0,4.0,4.0,3407.0,0.8620689655172413,0.8620689655172413,0.8620689655172413,0.8608962888828233,0.8,0.85,0.8620689655172413,"['PCNA', 'HSPA8', 'STK11', 'CLU', 'NCOA3', 'NFKB1', 'TPM3', 'ALOX5', 'GRB7', 'PGR', 'ID3', 'MMP14', 'SOD2', 'PRKD1', 'GPX3', 'GAST', 'RARB', 'ACE', 'RUNX3', 'OGG1', 'PRL', 'DDR1', 'CYP19A1', 'CYP7B1', 'MUC2']","['HADHA', 'C7orf25', 'RPS28', 'RLIM']","['ATP2B2', 'CDC16', 'ANAPC5', 'CLNK']"
66.0,24.0,4.0,3346.0,0.7333333333333333,0.9428571428571428,0.8250000000000001,0.8277008658947441,0.8666666666666667,0.75,0.7142857142857143,"['COPS5', 'EGFR', 'SNCA', 'TERF2IP', 'CFTR', 'SLC22A9', 'GABRG2', 'ICAM1', 'HGS', 'CSNK2A2', 'PSMD2', 'A2M', 'RACK1', 'HSPA9', 'SPG21', 'GABRB3', 'GAPDH', 'GABRA1', 'GABRB2', 'CHRNA3', 'EPS15', 'PDZD3', 'TACR1', 'GEMIN4', 'HLA-DRA', 'NTSR1', 'GHSR', 'KPNA3', 'GRIN1', 'IL6R', 'DRD4', 'TKT', 'MTHFR', 'OPRL1', 'AKR1C4', 'CHRM2', 'IL17A', 'CARTPT', 'GGT1', 'RIOK3', 'ITM2A', 'FTO', 'NRDC', 'SLCO3A1', 'CDH13', 'CYP2B6', 'PPIC', 'NR4A2', 'NRXN3', 'REN', 'RGS4', 'PHLDA2', 'GGH', 'ANKK1', 'PHF3', 'TAGLN3', 'CRHBP', 'TFAP2B', 'CHRNB3', 'EPHA8', 'CDH10', 'TPH1', 'ADH5', 'CDH11', 'HNMT', 'SLC46A1']","['HSP90AB1', 'STX1A', 'FN1', 'SNW1', 'SLC9A3R2', 'ERBB2', 'KRTAP10-8', 'KAT5', 'WDR5', 'YWHAQ', 'GOLGA2', 'ARRB2', 'CEP152', 'HSF2BP', 'PRKN', 'AKT1', 'TCTN3', 'SOD1', 'KRT40', 'SRC', 'VHL', 'TRIM63', 'FXR1', 'SMAD3']","['PPP1CC', 'MRPL9', 'PLEKHA1', 'RABEPK']"
26.0,3.0,4.0,3407.0,0.896551724137931,0.8666666666666667,0.8813559322033899,0.8804586594501993,1.0,0.95,0.9,"['NR3C2', 'SGTB', 'SLC9A1', 'CCL5', 'PRKCA', 'ATF3', 'MYOC', 'PCK2', 'IL6R', 'BCL2', 'PDK2', 'MAP3K5', 'NOS3', 'SOD2', 'UCP2', 'PFKM', 'PDK4', 'CCL20', 'LEP', 'REN', 'ACE', 'SLC2A2', 'CD68', 'S1PR4', 'NOS2', 'NQO1']","['ZMYM4', 'LRRC45', 'MYC']","['ADRB3', 'FANCL', 'CYB5B', 'HEY1']"
23.0,4.0,2.0,3411.0,0.8518518518518519,0.92,0.8846153846153846,0.884402339571717,0.9333333333333333,0.9,0.84,"['RPL10A', 'GSK3B', 'VLDLR', 'PYY', 'TNF', 'C5AR2', 'SOD2', 'CHRNB2', 'ATP5F1A', 'AMFR', 'BACE1', 'TF', 'C9', 'MS4A4A', 'RADIL', 'CASS4', 'INPP5D', 'SLC2A4', 'PRDM2', 'CRH', 'ABCA7', 'ACHE', 'IQCK']","['ZNF688', 'IPO5', 'GRB2', 'SRI']","['BEX2', 'CDK11A']"
15.0,0.0,1.0,3424.0,1.0,0.9375,0.967741935483871,0.9681044764756864,1.0,0.75,0.9375,"['HTR3A', 'OPTN', 'PRPH', 'TAF15', 'ATXN2', 'SETX', 'ANG', 'DBR1', 'PTGS2', 'CCNF', 'NEFH', 'MOBP', 'CAMK1G', 'GSR', 'ARHGEF28']",[],['NOTCH2NLA']
47.0,12.0,3.0,3378.0,0.7966101694915254,0.94,0.8623853211009174,0.863228109181414,0.9333333333333333,0.9,0.86,"['APP', 'HSCB', 'CDC5L', 'EP300', 'QSOX1', 'REL', 'OPTN', 'TRAF1', 'TRAF6', 'CCL21', 'PPM1B', 'HSPB2', 'CCL8', 'CDK6', 'CXCL6', 'IL2RA', 'LCN2', 'PTGS2', 'CXCL8', 'CRP', 'NR4A3', 'NCF1', 'IL6R', 'GDF5', 'FOXP3', 'BMP4', 'IRAK1', 'PLB1', 'ADAMTS2', 'CTLA4', 'MTHFR', 'HLA-DRB1', 'RAP2A', 'IL18', 'CD28', 'PRDM1', 'PXK', 'MPO', 'STEEP1', 'STS', 'CAT', 'ANKRD55', 'CITED2', 'GGH', 'HOXD10', 'ABCG2', 'ABCC3']","['HSP90AB1', 'RBCK1', 'S100A4', 'HSPB1', 'HSP90AA1', 'C1orf43', 'GOLGA2', 'FOXN2', 'TLE5', 'ERBB2', 'NTAQ1', 'CDC37']","['PRTFDC1', 'AKAP8', 'ATP1B1']"
14.0,1.0,3.0,3422.0,0.9333333333333333,0.8235294117647058,0.8749999999999999,0.8761470777994887,0.9333333333333333,0.7,0.8235294117647058,"['UBQLN1', 'VCAM1', 'CALM1', 'GSTM3', 'ALOX5', 'IL6ST', 'NCF1', 'CRP', 'SLC16A2', 'ADIPOQ', 'PPARG', 'SOCS3', 'APOA4', 'NPC1']",['RPL18A'],"['BCAS2', 'TUBGCP4', 'SH2B1']"
38.0,12.0,4.0,3386.0,0.76,0.9047619047619048,0.8260869565217391,0.8269653663690953,0.7333333333333333,0.75,0.7142857142857143,"['MTUS2', 'HSPB2', 'PLEC', 'UBQLN4', 'CAPN1', 'CALM2', 'CKAP4', 'TTN', 'FZD7', 'SOX10', 'NKX2-5', 'NEBL', 'NOS3', 'GJA5', 'GOSR2', 'CASQ2', 'HERC1', 'UST', 'SCMH1', 'ASAH1', 'ZFHX3', 'DPF3', 'COG5', 'GYPC', 'FBXO32', 'ZNF462', 'PHLDB2', 'WIPF1', 'KCNE2', 'IRF2BPL', 'FGF5', 'SPATS2L', 'MEX3C', 'AKAP6', 'SOX15', 'SSPN', 'RPL3L', 'RBM20']","['CUL3', 'HTT', 'HSP90AB1', 'ESR1', 'PCGF6', 'USP39', 'TRAF2', 'ACSL4', 'SDCBP', 'H1-5', 'SUB1', 'SPRED1']","['CDC37', 'AP1B1', 'COL1A2', 'CAPN10']"
62.0,29.0,7.0,3342.0,0.6813186813186813,0.8985507246376812,0.775,0.7774818366546764,0.6,0.6,0.6956521739130435,"['HSPA5', 'CRK', 'H2AX', 'MUC7', 'DNAJC5', 'AP1M1', 'ACTN2', 'IL5RA', 'PAX6', 'BDNF', 'AVP', 'SEC22C', 'POMC', 'VLDLR', 'PLAUR', 'MYO1D', 'IL2', 'GDPD1', 'GNG2', 'DMD', 'CHRNA4', 'LZTR1', 'HTR3C', 'GOLPH3L', 'GABBR1', 'STATH', 'GABRA1', 'IL5', 'CUL7', 'DLGAP2', 'GJA1', 'HTR2A', 'SHANK1', 'SHANK2', 'IL4', 'IL1RN', 'RELN', 'PRL', 'DRD3', 'SCAMP5', 'PRKCB', 'STK39', 'ADNP', 'MEF2C', 'SNTG2', 'ROBO2', 'JAKMIP1', 'GRIA1', 'NOS2', 'CSDE1', 'NTF4', 'TBR1', 'TPH2', 'IL6', 'ROBO4', 'BTD', 'FARP2', 'JMJD1C', 'FBXO40', 'GPX1', 'GABRA4', 'ASIC2']","['CUL3', 'YWHAG', 'HSP90AB1', 'ATXN1', 'LMNA', 'NPM1', 'MDM2', 'NCK1', 'ABL1', 'GRN', 'UBC', 'SRC', 'KRTAP10-8', 'KIF1B', 'ABLIM1', 'PTPRO', 'CSNK2A1', 'DLD', 'ATRIP', 'VIM', 'KRTAP7-1', 'IKBKG', 'KDM1B', 'UBQLN4', 'DCAF12', 'ABI2', 'GTPBP1', 'USHBP1', 'CSNK2B']","['CNTN4', 'CDH9', 'PGRMC2', 'C8orf33', 'HTR2B', 'DUSP16', 'ALG1']"
29.0,6.0,4.0,3401.0,0.8285714285714286,0.8787878787878788,0.8529411764705883,0.8518503779101485,0.8666666666666667,0.9,0.8484848484848485,"['APP', 'TP53', 'MYC', 'NOTCH1', 'CYP3A4', 'USP7', 'MMP2', 'MMP9', 'ERBB3', 'GSTM1', 'PABPC1', 'TNF', 'SOD2', 'FANCC', 'IFNA2', 'KMT2C', 'MT2A', 'KLF5', 'ENO2', 'IGF1', 'MTHFR', 'ANKFY1', 'ERCC2', 'PRDM2', 'TRPV1', 'GPX1', 'NQO1', 'MT1A', 'MT3']","['HLA-A', 'COPS5', 'RAB31', 'HSP90AB1', 'BRCA1', 'PYCARD']","['ADRA1A', 'CLDN7', 'TCAP', 'EIF2S1']"
29.0,3.0,4.0,3404.0,0.90625,0.8787878787878788,0.8923076923076922,0.8913883093486463,0.9333333333333333,0.95,0.8787878787878788,"['ESR1', 'IFNAR1', 'SRC', 'OTP', 'CREBBP', 'USP7', 'TFAP2A', 'TSC1', 'ERBB3', 'RASSF1', 'NCOR1', 'GABARAP', 'SMC1A', 'TNKS1BP1', 'TFRC', 'MTOR', 'KDM6A', 'KRT16', 'BIRC3', 'PPP3CC', 'NOTCH2', 'ERCC4', 'AQP3', 'PRDM2', 'PTGS2', 'TRPV1', 'LOXL1', 'HMGN5', 'CHD6']","['CUL3', 'NR1I3', 'PYCARD']","['AURKB', 'DNM1', 'BIRC7', 'DNAJC13']"
26.0,2.0,6.0,3406.0,0.9285714285714286,0.8125,0.8666666666666666,0.8674627373203976,0.9333333333333333,0.95,0.8125,"['CDK15', 'VHL', 'IL2RG', 'ATF2', 'PTEN', 'SKP2', 'CCNE1', 'E2F1', 'FGFR1', 'TNFRSF10A', 'SRF', 'VDR', 'MRE11', 'LIN28A', 'AKT2', 'CD274', 'CUX1', 'SOD2', 'AHR', 'EPHA3', 'PLEKHS1', 'APOBEC3A', 'GSTT1', 'DCUN1D3', 'TRPV1', 'TPMT']","['HTT', 'SNW1']","['AARSD1', 'EFEMP1', 'RPS11', 'GPR37', 'HPCAL1', 'MMP2']"
37.0,8.0,4.0,3391.0,0.8222222222222222,0.9024390243902439,0.8604651162790697,0.8596567494227166,0.8666666666666667,0.85,0.8048780487804879,"['ESR1', 'MDFI', 'KAT5', 'VHL', 'ESR2', 'HIF1A', 'HNRNPA1', 'PDIA3', 'TMEM237', 'CDK4', 'PTGIS', 'PTEN', 'TLR4', 'RPL3', 'COMMD1', 'EZR', 'MATN3', 'CSF2RA', 'PPARA', 'RASA1', 'PSME1', 'CNN3', 'TUBB2B', 'ANXA4', 'SNCG', 'SCGB1A1', 'EIF5A', 'ACSL1', 'ACKR3', 'ABCB1', 'RBP1', 'VAMP8', 'BASP1', 'ALCAM', 'XDH', 'CSN3', 'SELENOP']","['APP', 'CUL1', 'ATXN1', 'EP300', 'HTRA1', 'TPI1', 'HSPA8', 'CUL2']","['EXOSC5', 'WSB1', 'ADRM1', 'MRPL32']"
37.0,7.0,4.0,3392.0,0.8409090909090909,0.9024390243902439,0.8705882352941177,0.869526807549772,0.8666666666666667,0.9,0.8536585365853658,"['TP53', 'TNFRSF1A', 'TBC1D22B', 'YBX1', 'TGFBR2', 'KLRG2', 'SIGLEC6', 'BAAT', 'SERPINB5', 'SART1', 'CCND2', 'MTOR', 'FBP1', 'MTHFR', 'BAP1', 'AXIN2', 'NARS1', 'IGFBP1', 'DMBT1', 'LGR5', 'BAK1', 'SLC16A1', 'CACNA2D1', 'F5', 'IGF2', 'KCNH2', 'TRMT11', 'LRRC57', 'NOS2', 'MECOM', 'XAF1', 'EOMES', 'MAOB', 'NOX4', 'PTGS2', 'NDRG2', 'DPYD']","['VCAM1', 'HSP90AB1', 'SRSF1', 'CAND1', 'WFS1', 'EP300', 'HDAC1']","['C1orf216', 'MNAT1', 'SMCHD1', 'ADAMTS10']"
14.0,0.0,0.0,3426.0,1.0,1.0,1.0,1.0,0.9333333333333333,0.7,1.0,"['AKT1', 'ERBB3', 'HIF1A', 'MMS19', 'MMP9', 'TYR', 'PTK2B', 'GJB2', 'LORICRIN', 'AIRE', 'SHC2', 'IGF1', 'GJA1', 'GSTT1']",[],[]
34.0,12.0,4.0,3390.0,0.7391304347826086,0.8947368421052632,0.8095238095238095,0.8109683925962001,0.6666666666666666,0.7,0.7368421052631579,"['EGFR', 'NEK4', 'FN1', 'ABL1', 'RB1', 'JPH3', 'MET', 'TBC1D22B', 'CSF3R', 'NFE2L2', 'DAPK1', 'TERT', 'MTOR', 'KDR', 'VEGFA', 'FASLG', 'FOXM1', 'ALK', 'TMEM161A', 'E2F3', 'CST6', 'HES1', 'PHGDH', 'NKX2-1', 'E2F7', 'CXCL8', 'PHLDA2', 'PGAM1', 'ZNF462', 'CARD18', 'TGFA', 'ABCB1', 'RRAD', 'AVEN']","['HTT', 'CUL3', 'APP', 'HSCB', 'ESR1', 'RTN4', 'SAPCD2', 'RAD23A', 'SNW1', 'IL1A', 'TAS2R7', 'ALOX5AP']","['MAPK9', 'SIN3A', 'ACTA1', 'PDCD1']"
31.0,6.0,5.0,3398.0,0.8378378378378378,0.8611111111111112,0.8493150684931507,0.8477806543249935,0.7333333333333333,0.8,0.8333333333333334,"['PYCARD', 'HSPA5', 'CASP8', 'DAPK1', 'MET', 'MAP3K5', 'PTEN', 'M6PR', 'ALDH2', 'SLC2A1', 'NDRG1', 'BIRC5', 'ALAD', 'PNKD', 'TOX4', 'MANF', 'GSTT1', 'CTSD', 'TFE3', 'CTSB', 'PRAME', 'TAGLN2', 'PGK1', 'FMN2', 'FLCN', 'IL13', 'PEBP1', 'OGG1', 'INPP4B', 'SLC5A3', 'DNHD1']","['MAD2L2', 'EGFR', 'CDK15', 'XRCC1', 'ESR1', 'UVRAG']","['CSMD3', 'SUMO1', 'KLHL12', 'SEC61A1', 'SC5D']"
27.0,6.0,4.0,3403.0,0.8181818181818182,0.8709677419354839,0.84375,0.8427036466083149,0.9333333333333333,0.9,0.8387096774193549,"['GAPDHS', 'ADRB2', 'FN1', 'HDAC1', 'SMAD2', 'CREBBP', 'CSNK2B', 'TSC1', 'RACK1', 'SAE1', 'CSNK2A2', 'TGFB1', 'FECH', 'KRT1', 'FGFR1', 'RAD52', 'CCL2', 'XPA', 'DDB2', 'CEBPA', 'CXCL8', 'SERPINB3', 'ANXA5', 'SPRR1A', 'PTGS2', 'AREG', 'DDR2']","['COPS5', 'SMC1A', 'VCAM1', 'DCAF6', 'YWHAG', 'ESR1']","['YBX1', 'RUVBL1', 'RUNX2', 'POLD1']"
14.0,2.0,1.0,3423.0,0.875,0.9333333333333333,0.9032258064516129,0.9032625878643865,0.8666666666666667,0.7,0.8666666666666667,"['SQSTM1', 'TP53', 'MYH9', 'PSORS1C2', 'PDLIM3', 'MYL2', 'BOP1', 'GAA', 'MYBPC3', 'MYLK2', 'MYL4', 'MYL7', 'INS', 'IDH2']","['RAD23A', 'YIPF5']",['SSBP1']
23.0,7.0,4.0,3406.0,0.7666666666666667,0.8518518518518519,0.8070175438596491,0.8065464442337209,0.7333333333333333,0.8,0.7407407407407407,"['BAG6', 'CTNNB1', 'CRKL', 'PPP1CC', 'SOD1', 'VIM', 'APC', 'NOTCH1', 'TP63', 'LGALS3', 'SNAI1', 'CXCR4', 'TRIM71', 'CCR5', 'CAT', 'IL7R', 'NSD2', 'SOD2', 'EGF', 'ZEB1', 'SLC40A1', 'TLX1', 'EDN1']","['CRK', 'CUL3', 'APP', 'EGFR', 'ARF1', 'UBE2S', 'MACROD1']","['KRTAP10-8', 'PKM', 'TOP1', 'HEL25']"
15.0,5.0,2.0,3418.0,0.75,0.8823529411764706,0.8108108108108107,0.8124986362993447,0.8666666666666667,0.75,0.8235294117647058,"['SOD1', 'STAT3', 'ALB', 'CXCL10', 'PLAU', 'ICAM1', 'IL18', 'C9', 'IL1B', 'ADD3', 'COL18A1', 'DIABLO', 'IL12RB1', 'IL6', 'GPX1']","['SYNCRIP', 'CCL14', 'PTPN13', 'AHSG', 'ZNF445']","['SOX4', 'EPS8L2']"
21.0,4.0,2.0,3413.0,0.84,0.9130434782608695,0.8749999999999999,0.8748938011528927,0.8,0.8,0.8260869565217391,"['MYC', 'FGFR3', 'BMP2', 'FGFR1', 'IRF6', 'STIP1', 'RFX3', 'COL2A1', 'RPL11', 'DMPK', 'RPS26', 'KCNJ2', 'MDH1', 'IL24', 'TSR2', 'FZD4', 'EGF', 'COL11A2', 'MNT', 'FGF10', 'SIM2']","['HTT', 'RRS1', 'SDC3', 'CCNB1']","['NOP56', 'PRKCI']"
26.0,5.0,3.0,3406.0,0.8387096774193549,0.896551724137931,0.8666666666666666,0.8659846948480628,0.9333333333333333,0.9,0.8620689655172413,"['HTT', 'NCL', 'SNCA', 'GPR35', 'HTR2C', 'GHSR', 'FOS', 'PPIB', 'CALM2', 'PENK', 'PLP1', 'DNAJA3', 'ADRA1A', 'GEMIN5', 'JUND', 'GAD2', 'CRELD1', 'TYK2', 'KMO', 'SCARB1', 'TACR3', 'CCKBR', 'PRL', 'OPRK1', 'CRHR2', 'GHRL']","['MYC', 'RPAP3', 'AGO1', 'HSP90AB1', 'HSCB']","['CES2', 'KRT34', 'STIP1']"
37.0,6.0,3.0,3394.0,0.8604651162790697,0.925,0.891566265060241,0.8908402920345134,0.8666666666666667,0.9,0.875,"['TP53', 'KAT5', 'KDM1A', 'RELA', 'TP53BP1', 'AURKA', 'RBBP5', 'CCL5', 'NOTCH1', 'YBX1', 'MVP', 'HSPA2', 'SERP1', 'SART1', 'TNF', 'ACTA2', 'SERTAD1', 'ERLIN2', 'NARS1', 'DMBT1', 'LGR5', 'LTF', 'F5', 'RCOR1', 'BIRC5', 'PTP4A3', 'SLC25A23', 'CBR1', 'ITGA7', 'TNFSF10', 'MACIR', 'GUCY1A1', 'PRR5-ARHGAP8', 'PTGS2', 'TNFRSF9', 'PLCB1', 'DPYD']","['HTT', 'SETDB1', 'NEDD9', 'HSPA8', 'BRD2', 'PLEKHS1']","['HMBOX1', 'CYB5R3', 'ARHGAP35']"
61.0,32.0,8.0,3339.0,0.6559139784946236,0.8840579710144928,0.7530864197530863,0.7560087164187006,0.6666666666666666,0.65,0.6376811594202898,"['CUL3', 'GRB2', 'MYC', 'MLH1', 'CTNNB1', 'AKT1', 'ILK', 'SMAD4', 'ESR2', 'CDH1', 'DEDD', 'TGFB1', 'PIK3CA', 'CTBP1', 'FLNC', 'KDR', 'GSTM3', 'PSMG4', 'TRMO', 'BCL2', 'STRAP', 'ZER1', 'KIAA1522', 'ICAM5', 'SCO2', 'PPM1E', 'EVL', 'FAT1', 'IL6ST', 'PRKCB', 'TRPM7', 'ABCE1', 'ABCD4', 'COL7A1', 'TXNRD1', 'DPAGT1', 'ERCC2', 'GSTM1', 'RRM2', 'NAMPT', 'IGF2', 'POLD3', 'SESN2', 'RHPN2', 'ANP32A', 'SOX17', 'POSTN', 'ABCB6', 'GUCY1A2', 'ZMIZ1', 'CNPPD1', 'ABCC6', 'CSF2', 'ABCB11', 'ABCA12', 'CDH7', 'NTNG1', 'DHFR', 'ZNF569', 'TFPI2', 'ABCA13']","['APP', 'MEOX2', 'CDC5L', 'FN1', 'CUL1', 'YWHAZ', 'HDAC1', 'HSPA8', 'WFS1', 'TRAF2', 'BAG6', 'YWHAQ', 'HNRNPLL', 'HOXA1', 'PPP1CA', 'NCOA6', 'FXR1', 'KRT40', 'STUB1', 'BLMH', 'TLE5', 'NDUFA10', 'AGR2', 'PYCR2', 'REL', 'LRRK2', 'NCK1', 'S100A11', 'TEX101', 'AQP6', 'TERF1', 'ABL1']","['RASL11A', 'CTSD', 'IGF2BP2', 'TBC1D1', 'PDPR', 'CORO7', 'RAPGEF3', 'SH2D5']"
25.0,6.0,2.0,3407.0,0.8064516129032258,0.9259259259259259,0.8620689655172414,0.862991618865241,0.8,0.8,0.8148148148148148,"['EGFR', 'EP300', 'CREBBP', 'HSPD1', 'GFAP', 'EZR', 'CDH1', 'MORF4L1', 'CCND1', 'PIK3CA', 'TOP2A', 'GML', 'ERBIN', 'KDM6A', 'GAS6', 'GINS2', 'VCAN', 'BCL11A', 'GUCY1A1', 'ZIM2', 'MYCN', 'GAS2', 'MLC1', 'SOX11', 'XAGE1A']","['BRMS1L', 'AFDN', 'ARL6IP1', 'HDAC1', 'AGTRAP', 'COPS5']","['MTREX', 'INSM1']"
22.0,6.0,2.0,3410.0,0.7857142857142857,0.9166666666666666,0.8461538461538461,0.8475386394249818,0.6666666666666666,0.7,0.75,"['NPY1R', 'APOE', 'NPY', 'HLA-DRB1', 'P4HB', 'NCSTN', 'NOS3', 'CHRNB2', 'VEGFA', 'AMFR', 'RELN', 'APOC1', 'BACE1', 'IGF2R', 'BAX', 'C9', 'TPI1', 'IGF1', 'PHGDH', 'RADIL', 'SOD2', 'TREM2']","['SOD1', 'SH3GLB1', 'HTT', 'LRRC4C', 'YIPF3', 'COPS5']","['BNIP2', 'ITGB3']"
58.0,34.0,9.0,3339.0,0.6304347826086957,0.8656716417910447,0.729559748427673,0.7328674664529546,0.8,0.75,0.5970149253731343,"['HTT', 'GRB2', 'MEOX2', 'YWHAZ', 'BAG6', 'WFS1', 'SOD1', 'PPP1CC', 'GRN', 'CRHR1', 'DLG4', 'A2M', 'CNR1', 'HDAC2', 'HDAC6', 'NR3C1', 'HCN1', 'PCDHB5', 'BDNF', 'GHR', 'CHN2', 'PDE4D', 'CLOCK', 'ATP1A3', 'PENK', 'S100A10', 'GH1', 'CXCR2', 'SLC1A1', 'GABRA6', 'CHRM2', 'TH', 'POMC', 'CDH13', 'ADRB1', 'GABRB3', 'RNF123', 'VEGFA', 'DGKB', 'EIF1AX', 'SOD2', 'IL6', 'SYN1', 'NR3C2', 'PDE1B', 'ZNF556', 'ADCYAP1', 'GAD1', 'REN', 'RORA', 'HRAS', 'GRIK3', 'IL1B', 'APRT', 'CRHR2', 'IDO1', 'MC1R', 'GRM7']","['HSP90AB1', 'KRT31', 'UBQLN1', 'YWHAB', 'PTPN11', 'CDC5L', 'HSPB1', 'PCNA', 'HSPA8', 'SRC', 'PDLIM7', 'TRAF2', 'HSP90AA1', 'MDM2', 'SCRIB', 'HSF2BP', 'HSPA5', 'NTAQ1', 'NOTCH2NLA', 'SYNC', 'H4-16', 'H2AZ1', 'MAGEA10', 'IL17A', 'HDAC1', 'H2BC9', 'RARG', 'DLD', 'TCTN3', 'ALPP', 'YWHAE', 'ATF5', 'TRIM54', 'TEX101']","['SLC29A3', 'RBBP8', 'GIMAP1', 'PGAM5', 'PHF5A', 'CTPS2', 'PTF1A', 'SAT2', 'MPZL2']"
70.0,24.0,5.0,3341.0,0.7446808510638298,0.9333333333333333,0.8284023668639054,0.8296626865309424,0.7333333333333333,0.8,0.72,"['PICK1', 'CREB3', 'BRCA1', 'RAC1', 'SSR3', 'FGF9', 'PPT1', 'ALB', 'GPR35', 'GNB1', 'HDAC6', 'CNR1', 'NR3C1', 'CAV1', 'ATXN3', 'YEATS4', 'LRP8', 'CRY2', 'HCN1', 'GSTM1', 'GALR2', 'ADORA2A', 'FGFR2', 'NOS3', 'COCH', 'TMX4', 'ATF4', 'SFXN5', 'ISG15', 'BAG1', 'MED12', 'ITPKB', 'GRIN2A', 'MC4R', 'MYLK2', 'NEFM', 'RNF123', 'CPLX1', 'NGF', 'HCRT', 'PDYN', 'FGF20', 'ALK', 'GNG8', 'ATP1A3', 'IGFBP4', 'DBH', 'FTO', 'GRIA3', 'SERPINA6', 'ADCYAP1', 'GRID1', 'MAOA', 'STMN1', 'P2RX7', 'RORA', 'TRH', 'PDE4B', 'RGS1', 'RELN', 'GRIK3', 'CHRNB3', 'ADCY5', 'GHRL', 'IDO1', 'OR7D4', 'HTR3B', 'ADCY8', 'SRD5A1', 'SLC6A2']","['COPS5', 'FYN', 'KRT31', 'YWHAB', 'NOTCH2NLA', 'STUB1', 'TCTN2', 'KRT40', 'GGA1', 'SCRIB', 'CUL5', 'PPP1CA', 'NPM1', 'DLST', 'MTUS2', 'RPS12', 'RASSF2', 'IQCB1', 'LEO1', 'TP53BP1', 'TRIM65', 'LRRFIP2', 'CASP6', 'ZDHHC17']","['ZC3HAV1', 'PSMD7', 'IFNA4', 'BAIAP2L1', 'DAPL1']"
28.0,2.0,2.0,3408.0,0.9333333333333333,0.9333333333333333,0.9333333333333333,0.9327468230694037,0.9333333333333333,0.95,0.9333333333333333,"['NR3C2', 'BAG6', 'DAXX', 'CAV1', 'CYBA', 'CCL5', 'INSR', 'BCL2L1', 'IL6R', 'MDH1', 'PDK2', 'VEGFA', 'PRKCD', 'CHRM2', 'TEAD1', 'ESRRA', 'KCNJ11', 'CAT', 'PTPRZ1', 'PDX1', 'S100A6', 'S1PR2', 'HSD11B1', 'S1PR4', 'IAPP', 'S1PR5', 'SLC2A4', 'GSR']","['TYROBP', 'HSP90AB1']","['GPAM', 'MFGE8']"
37.0,8.0,6.0,3389.0,0.8222222222222222,0.8604651162790697,0.8409090909090908,0.8390713014043178,0.8666666666666667,0.85,0.8372093023255814,"['HTT', 'SSRP1', 'WFS1', 'IDE', 'KPNA2', 'CAV1', 'DAO', 'TNF', 'TNIK', 'MTNR1B', 'CASP8', 'GCKR', 'RAD9A', 'SMAD5', 'GCG', 'HNF4A', 'GPX7', 'UBE2E2', 'AKT2', 'HBA1', 'PROX1', 'CCND2', 'ICAM1', 'C3', 'PAX4', 'NRXN3', 'EDN1', 'ITLN1', 'SFRP4', 'MAPK8IP1', 'PDX1', 'CNKSR2', 'AUTS2', 'ZFAND3', 'MAT1A', 'FAM234A', 'HLA-DRB5']","['TP53', 'NCOR2', 'PCNA', 'UBC', 'NEK4', 'FAM110A', 'HSPB1', 'HIBCH']","['ZNF257', 'NKX6-1', 'FRS3', 'TCF20', 'ST7', 'PKP1']"
21.0,3.0,4.0,3412.0,0.875,0.84,0.8571428571428572,0.8562994537320582,0.9333333333333333,0.85,0.84,"['ALB', 'A2M', 'CSF2RB', 'ACTBL2', 'PDZK1', 'VKORC1', 'CAV1', 'PDIA3', 'MAP1B', 'TF', 'CYP2C9', 'TOP1', 'CSF3', 'EPHA7', 'ABCB1', 'METRN', 'ABCC2', 'PTGS2', 'ATIC', 'SLC19A1', 'ACHE']","['CUL3', 'TSHB', 'STAM']","['LSM3', 'DKK3', 'STAM2', 'SETD1A']"
22.0,0.0,2.0,3416.0,1.0,0.9166666666666666,0.9565217391304348,0.9571469535125184,1.0,1.0,0.9166666666666666,"['H2BC21', 'HSP90AB1', 'CREB3', 'ACTB', 'RGS2', 'SYP', 'FOXG1', 'TH', 'PDGFRB', 'ATP1A3', 'RELL1', 'DLAT', 'TPK1', 'RNASEH2C', 'FOXRED1', 'KMT2B', 'FA2H', 'GTPBP2', 'MCOLN1', 'MYORG', 'WDR45', 'KCNQ2']",[],"['TBRG4', 'SHISAL2A']"
13.0,0.0,3.0,3424.0,1.0,0.8125,0.896551724137931,0.9009931944827503,0.8666666666666667,0.65,0.8125,"['FN1', 'ESR1', 'UBA1', 'FBXO45', 'MTHFR', 'CCL2', 'IGF1R', 'TSPYL2', 'VEGFA', 'ARID1A', 'SRSF10', 'HOXA10', 'ZEB1']",[],"['POLR2H', 'DDX27', 'GGN']"
43.0,23.0,3.0,3371.0,0.6515151515151515,0.9347826086956522,0.7678571428571428,0.7770359029991778,0.8666666666666667,0.8,0.717391304347826,"['MEOX2', 'CUL3', 'EP300', 'CXCL11', 'APOE', 'PPM1B', 'TGFB1', 'THRA', 'HNF1A', 'ITGB1', 'PON2', 'FADD', 'CHI3L1', 'MAPK9', 'CALD1', 'MTA1', 'RNF14', 'FBN1', 'ARNT', 'HTR2A', 'GPX3', 'NTRK3', 'CD55', 'RHBDL1', 'C1R', 'NR3C2', 'IFIT1', 'ABI3BP', 'ITGA2', 'KLK9', 'DKK1', 'SLC7A8', 'STC2', 'PTGFR', 'HERC5', 'CD226', 'CCNE2', 'IL10', 'PTGS2', 'PLA2G2A', 'HBEGF', 'ABCC4', 'NDNF']","['GRB2', 'MYC', 'YWHAG', 'VCAM1', 'WFS1', 'SNW1', 'EIF2AK2', 'VHL', 'MARK3', 'PHF7', 'ARRB1', 'LNX1', 'EIF2B5', 'ZNF35', 'PSME4', 'H4-16', 'RUBCN', 'PCNA', 'BAZ2A', 'CDH3', 'HSPB1', 'AGR2', 'MKI67']","['KRTAP19-5', 'AURKAIP1', 'CLPTM1L']"
30.0,4.0,2.0,3404.0,0.8823529411764706,0.9375,0.9090909090909091,0.9086365868248439,0.8666666666666667,0.9,0.875,"['HSCB', 'FLNA', 'CBFB', 'PCDHGB1', 'FGF14', 'VDAC1', 'ALB', 'P2RX4', 'PIGQ', 'VDAC2', 'GRIN2B', 'NR2C2', 'PCDH12', 'TXNRD1', 'ACTG1', 'GRIN2A', 'DDX3X', 'EIF2S3', 'CACNA2D2', 'POMC', 'ZDHHC9', 'SLC1A3', 'SLC5A6', 'FOSB', 'SLC4A10', 'L2HGDH', 'CHD2', 'KCNT2', 'GPX1', 'SLC1A2']","['UBQLN1', 'HLA-A', 'VCAM1', 'SLC34A1']","['CHRM1', 'RFK']"
17.0,3.0,3.0,3417.0,0.85,0.85,0.85,0.8491228070175438,0.9333333333333333,0.85,0.85,"['AURKA', 'PTGS2', 'LGALS3', 'CD109', 'WWOX', 'MET', 'TRIM25', 'CXCL14', 'CRYAB', 'PRDX1', 'CCNH', 'NR1I2', 'UCHL1', 'MMP14', 'MARCHF8', 'WIF1', 'GHRL']","['GTF2H1', 'ZNF224', 'CUL3']","['SST', 'KIF1B', 'NTRK1']"
50.0,11.0,4.0,3375.0,0.819672131147541,0.9259259259259259,0.8695652173913043,0.8690227747371823,0.9333333333333333,0.85,0.8148148148148148,"['NEK4', 'APP', 'PNN', 'ACTB', 'BBS4', 'BBS2', 'GUCA1A', 'BBS1', 'RPGRIP1L', 'CABP4', 'ARL13B', 'PAX6', 'NDUFB7', 'PAK1', 'MSRB3', 'PITRM1', 'BBS12', 'CTSD', 'TOPORS', 'PITX2', 'PCARE', 'NPHP3', 'FREM2', 'KCTD7', 'USH1G', 'CNGA3', 'GNAT1', 'B3GLCT', 'POMC', 'NDP', 'MFN1', 'MFSD8', 'CDH23', 'KLHL7', 'COL4A1', 'TTC21B', 'LRAT', 'CA4', 'ZNF423', 'WHRN', 'BEST1', 'CDH3', 'ZNF513', 'SLC24A5', 'MTTP', 'COL11A1', 'STRA6', 'PRPH2', 'CNGB1', 'SLC45A2']","['MS4A13', 'CDC5L', 'NPM1', 'PBX1', 'SDCBP', 'ZFP41', 'MRPS7', 'NCK1', 'FAM171A2', 'SCEL', 'CTRL']","['CNGB3', 'SPSB3', 'TRAIP', 'ZNF500']"
19.0,2.0,2.0,3417.0,0.9047619047619048,0.9047619047619048,0.9047619047619048,0.9041769383974707,1.0,0.95,0.9047619047619048,"['CAPN1', 'SIRT1', 'SLC27A2', 'LEPR', 'NFE2L2', 'TLE1', 'IFIT3', 'BIRC3', 'HAS3', 'CEBPB', 'LDLR', 'FGF21', 'ATP7B', 'CYP19A1', 'COL3A1', 'MAT1A', 'GPD1L', 'NR1H4', 'PTMA']","['CUL3', 'MBNL3']","['PRR20A', 'NAT10']"
19.0,1.0,2.0,3418.0,0.95,0.9047619047619048,0.9268292682926829,0.9266698554579184,0.9333333333333333,0.95,0.9047619047619048,"['APC', 'NOTCH2', 'DUSP6', 'MET', 'LTK', 'MTOR', 'CFLAR', 'GDNF', 'BRD4', 'JAG1', 'HES1', 'CHI3L1', 'POLK', 'CSTA', 'BHLHE41', 'HEY1', 'SRRT', 'IL1B', 'GSTT1']",['JUP'],"['NAPA', 'JRK']"
20.0,4.0,3.0,3413.0,0.8333333333333334,0.8695652173913043,0.851063829787234,0.8502349821948864,0.8,0.85,0.8260869565217391,"['ERBB2', 'IL12A', 'RTN4', 'LGALS8', 'NOTCH2NLA', 'POT1', 'APC', 'APOM', 'MSH2', 'CDKN2C', 'HLA-C', 'GDNF', 'GSTP1', 'STAG2', 'DCD', 'XAF1', 'MYLK', 'PSD3', 'CIC', 'SLC5A5']","['INSR', 'GNAS', 'ACTA1', 'GRB2']","['KPNA1', 'PCBD1', 'OCLN']"
23.0,1.0,1.0,3415.0,0.9583333333333334,0.9583333333333334,0.9583333333333334,0.9580405932864949,0.9333333333333333,0.95,0.9583333333333334,"['HTT', 'SRC', 'GSK3B', 'STAT3', 'SOX30', 'IL6ST', 'ITPR2', 'PRKCB', 'SIRT6', 'HNF4A', 'NPR1', 'PCDHB5', 'GRK2', 'IL18', 'FNDC5', 'FGF2', 'MT2A', 'PLD1', 'REN', 'PIK3CG', 'UCP2', 'IL1B', 'IDH2']",['CSNK1D'],['ADD2']
28.0,4.0,5.0,3403.0,0.875,0.8484848484848485,0.8615384615384615,0.8603219312468536,0.8666666666666667,0.85,0.8484848484848485,"['MDFI', 'PIK3R1', 'ZBTB16', 'PRKG1', 'HIF1A', 'PDE4DIP', 'PARVG', 'PPARG', 'S100A9', 'ATP2A2', 'GCG', 'DRD4', 'VEGFA', 'MSTN', 'ATP1A3', 'PLAT', 'KLHL24', 'SERPINE1', 'PPP1R1A', 'FIP1L1', 'MAP2K7', 'ATP2A1', 'PPP1R3F', 'PIK3CG', 'ACE', 'DSTN', 'ELOVL6', 'IFNG']","['VCP', 'LATS2', 'RPL9P9', 'HSP90AB1']","['CCDC24', 'CERK', 'SYT17', 'KCNK5', 'HOXB6']"
30.0,6.0,3.0,3401.0,0.8333333333333334,0.9090909090909091,0.8695652173913043,0.869084890224406,0.8666666666666667,0.85,0.8484848484848485,"['MEOX2', 'SRC', 'COPS5', 'SOD1', 'CCT4', 'GSK3B', 'PRKG1', 'SIRT1', 'NPPB', 'RAC1', 'SIRPA', 'PTGS1', 'NDUFA11', 'AVP', 'NDUFB6', 'HTR2B', 'PRDX6', 'ATP2A2', 'NOS3', 'SOX4', 'APOC1', 'ACACA', 'FASN', 'KLHL24', 'GPX4', 'PEBP1', 'PCK1', 'KAT8', 'GHRL', 'GDF15']","['HTT', 'HSCB', 'TIMMDC1', 'BATF', 'HSP90AB1', 'ABHD17C']","['ADRB3', 'NCALD', 'PRKCE']"
67.0,31.0,7.0,3335.0,0.6836734693877551,0.9054054054054054,0.7790697674418605,0.7815549029913538,0.6666666666666666,0.55,0.6621621621621622,"['UBQLN2', 'SRC', 'NR3C1', 'CDC37', 'TCTN3', 'UNC93B1', 'NR3C2', 'BECN1', 'CYP3A5', 'SPP1', 'CYP2C9', 'KRT18', 'SORL1', 'GK', 'HLA-B', 'ZDHHC23', 'ABI1', 'GRPR', 'ACTN4', 'CDCA5', 'GCLM', 'IL1RAP', 'ACTR3', 'MST1R', 'BRD4', 'DMD', 'PLAT', 'COL14A1', 'C3', 'NR1H3', 'ATG5', 'PRKCD', 'GDI1', 'BAX', 'GSTM2', 'PCYT1A', 'SENP2', 'SLC13A4', 'LTF', 'PRSS2', 'ATP6V1D', 'ALDOB', 'ITPR1', 'PDLIM5', 'TAGLN2', 'CAP1', 'IL18', 'ARG1', 'GDA', 'IFNA2', 'CYP2B6', 'CELA1', 'PNP', 'MST1', 'PCYT1B', 'SLPI', 'FADS2', 'EPHX1', 'TMED7', 'PTGS2', 'CADPS2', 'COL3A1', 'RIPK3', 'IFNG', 'RBP1', 'NREP', 'DGAT2']","['CAND1', 'YWHAG', 'FLNA', 'ATXN1', 'UBQLN1', 'LNX1', 'XRCC5', 'HSP90AA1', 'P2RY6', 'UBC', 'METTL14', 'STUB1', 'AGR2', 'PRKN', 'PDGFRB', 'NPM1', 'CLK3', 'KAT5', 'HDAC1', 'AKT1', 'RSL1D1', 'ABL1', 'KRAS', 'MRPL58', 'ESR2', 'TPH2', 'MRPS14', 'COL17A1', 'KDM1A', 'ATF2', 'SETDB1']","['RPL18A', 'CTBP1', 'DIABLO', 'MED25', 'C19orf25', 'SLC22A6', 'NSMCE2']"
16.0,3.0,2.0,3419.0,0.8421052631578947,0.8888888888888888,0.8648648648648649,0.8644539322670866,0.9333333333333333,0.8,0.8888888888888888,"['IKBKG', 'BCL2L1', 'NCR3LG1', 'STAT3', 'CASP3', 'ENO2', 'TEK', 'CYP1A2', 'MMP2', 'CCL20', 'ATP7A', 'BBC3', 'APOA4', 'PPAT', 'GRP', 'SQLE']","['SHARPIN', 'GTF3C5', 'KLK3']","['FAM9A', 'ATG16L1']"
16.0,3.0,2.0,3419.0,0.8421052631578947,0.8888888888888888,0.8648648648648649,0.8644539322670866,0.9333333333333333,0.8,0.8888888888888888,"['CTNNB1', 'KRAS', 'RB1', 'BCL2L2', 'EPAS1', 'GJB1', 'CYP2E1', 'TEK', 'TSC22D1', 'MMP2', 'CCL20', 'TGFA', 'FOXM1', 'NR1I3', 'GSTP1', 'F12']","['ALX1', 'FAM222B', 'EPHB1']","['BSG', 'PPP6C']"
23.0,6.0,3.0,3408.0,0.7931034482758621,0.8846153846153846,0.8363636363636363,0.8363140420211811,0.8,0.8,0.8076923076923077,"['MDM2', 'ALB', 'COPS6', 'CDKN1A', 'PSMA6', 'CCL2', 'DUSP14', 'SIRT1', 'CXCL8', 'PRPF8', 'RIPK1', 'SRSF1', 'IL2RA', 'U2AF1', 'TAF9', 'SNRPD3', 'BAX', 'ARHGDIA', 'IPO7', 'RAB32', 'PSMB10', 'HP', 'SRSF9']","['H1-2', 'SPICE1', 'MYC', 'GRB2', 'CCL5', 'COPS5']","['MAZ', 'FCER1G', 'EPB41L1']"
19.0,4.0,0.0,3417.0,0.8260869565217391,1.0,0.9047619047619047,0.908361742575113,1.0,0.95,0.9473684210526315,"['CXCL9', 'COPS5', 'BAG6', 'CCL8', 'IFNGR1', 'HLA-A', 'CCL20', 'HLA-DRB1', 'TNF', 'MBP', 'CCL7', 'CXCR2', 'SPP1', 'CCL4', 'MTHFR', 'COMMD1', 'CYP1A1', 'CTLA4', 'IFNG']","['SEH1L', 'DDX1', 'NELFCD', 'MSR1']",[]
46.0,12.0,3.0,3379.0,0.7931034482758621,0.9387755102040817,0.8598130841121495,0.8607612186262943,0.7333333333333333,0.8,0.8163265306122449,"['FN1', 'YWHAZ', 'GPR35', 'CAV1', 'RELA', 'GSK3B', 'MAPK1', 'GLP1R', 'DEFA1B', 'RGS2', 'LOX', 'FBXL17', 'INS', 'ORAI1', 'HTR2B', 'TGFB1', 'TNF', 'MTOR', 'WNK1', 'CXCL8', 'NFS1', 'IL6ST', 'SCNN1B', 'ACE2', 'CYP1A1', 'DRD4', 'ADIPOQ', 'VWF', 'ALAD', 'PRSS2', 'SERPINE1', 'GSTT1', 'GAL', 'ATP2B3', 'GSTA5', 'CACNA2D1', 'CAT', 'GJA4', 'AHR', 'SELP', 'GNRH1', 'HSD11B1', 'NOX4', 'FXYD2', 'CRHR2', 'CETP']","['CUL3', 'HTT', 'YWHAG', 'HSP90AB1', 'UBQLN2', 'CLK2', 'CDC5L', 'MTCH2', 'HSP90AA1', 'EPPIN', 'OLFM1', 'ITPRIPL1']","['HSD11B2', 'CMA1', 'ILF3']"
38.0,5.0,4.0,3393.0,0.8837209302325582,0.9047619047619048,0.8941176470588236,0.8928566763201331,0.8666666666666667,0.9,0.8809523809523809,"['MEOX2', 'PLRG1', 'ADRB2', 'H2BC21', 'SRD5A3', 'PIN1', 'CBFB', 'PLCG1', 'GGA2', 'DYNC1H1', 'P4HA2', 'NCR3LG1', 'SIN3A', 'ANK1', 'KCNAB2', 'ACY1', 'DCC', 'NDUFV3', 'RAB39B', 'AP4E1', 'SAMD3', 'LAMA1', 'RAI1', 'GRIN2B', 'NF1', 'OTUD6B', 'KCNA2', 'DEAF1', 'SHANK2', 'POLR3B', 'PRRT2', 'L2HGDH', 'TAF2', 'GON4L', 'SLC4A10', 'TTI2', 'STRA6', 'TMEM135']","['CUL3', 'EMC2', 'HNRNPU', 'MORC3', 'PPFIA3']","['METTL23', 'UBA1', 'CYB5R1', 'ZNF155']"
30.0,11.0,4.0,3395.0,0.7317073170731707,0.8823529411764706,0.8,0.8013903032136068,0.8,0.75,0.7058823529411765,"['GRB2', 'HUWE1', 'TERF2IP', 'CAV1', 'IL13RA2', 'HMGB1', 'STAT3', 'TGFB1', 'CCL2', 'APOA1', 'MASP2', 'CHRNA4', 'IL17RA', 'NFS1', 'MPO', 'LCN2', 'TF', 'ICAM1', 'CXCR3', 'FGF2', 'MVK', 'DUSP10', 'WDR1', 'KYNU', 'IL10', 'PTGES', 'SLC22A5', 'IFNG', 'EDN1', 'IFNL3']","['KAT5', 'ARRB1', 'MEOX2', 'RUVBL2', 'RPN1', 'HSCB', 'COPB1', 'CACNA1C', 'TPM4', 'BRD7', 'FN1']","['TSLP', 'KRT31', 'PPP2R3C', 'ARHGEF1']"
15.0,1.0,2.0,3422.0,0.9375,0.8823529411764706,0.9090909090909091,0.909074681950831,0.9333333333333333,0.75,0.8823529411764706,"['GRB2', 'SIRT1', 'LIPC', 'CCL2', 'SOD2', 'CFH', 'GH1', 'CREBZF', 'GNAS', 'LEP', 'NR4A3', 'GPX3', 'CD68', 'METRNL', 'MRC1']",['PRDX5'],"['FAM90A1', 'RPL3']"
20.0,3.0,4.0,3413.0,0.8695652173913043,0.8333333333333334,0.851063829787234,0.8502349821948864,0.8666666666666667,0.85,0.875,"['FN1', 'SNX27', 'ALB', 'A2M', 'ATP5F1B', 'TGFB1', 'CLU', 'IL6ST', 'B4GALT5', 'EPOR', 'SERPINA1', 'CD44', 'AMN', 'KNG1', 'MTHFR', 'HBG2', 'HMOX1', 'IL6', 'PLG', 'NOS2']","['CAV1', 'PPP1R13B', 'NSD1']","['EPHX2', 'SLC22A24', 'TOLLIP', 'AP1S1']"
31.0,6.0,2.0,3401.0,0.8378378378378378,0.9393939393939394,0.8857142857142858,0.8860210070777137,0.8666666666666667,0.9,0.8787878787878788,"['MDFI', 'TBXA2R', 'AGTR1', 'INS', 'CCL2', 'HTR2B', 'ESS2', 'NFE2L2', 'TRIM24', 'GCG', 'ATP1A3', 'POMC', 'SOX4', 'CXCL8', 'ADIPOQ', 'ACACA', 'C17orf97', 'PRKAR2B', 'FASN', 'EDN1', 'ADRB1', 'SOD2', 'NR3C2', 'FIP1L1', 'CSF3', 'NOX1', 'CAT', 'PCK1', 'IL6', 'CIDEA', 'CFD']","['CUL3', 'HSCB', 'KRTAP5-3', 'YWHAG', 'PFKFB4', 'ZNF559']","['NAE1', 'HHLA3']"
13.0,0.0,1.0,3426.0,1.0,0.9285714285714286,0.962962962962963,0.9634835084469433,0.8666666666666667,0.65,0.9285714285714286,"['AR', 'FANCE', 'IL2', 'CCND1', 'NPY2R', 'TXNIP', 'MSH6', 'CSF3R', 'ERG', 'DDIT4', 'HP', 'SETD2', 'PPP1R13L']",[],['DHX8']
13.0,2.0,1.0,3424.0,0.8666666666666667,0.9285714285714286,0.896551724137931,0.89665212008541,0.8666666666666667,0.65,0.8571428571428571,"['CUL1', 'TRAF6', 'SH3GL2', 'BCL2', 'ATM', 'TFRC', 'CPEB1', 'PLCG2', 'SYK', 'LILRA4', 'PPP2R5C', 'POLB', 'PTGS2']","['NCBP2', 'WRAP53']",['NOP56']
13.0,0.0,1.0,3426.0,1.0,0.9285714285714286,0.962962962962963,0.9634835084469433,0.8666666666666667,0.65,0.9285714285714286,"['TP53', 'ATM', 'LAMP2', 'CDKN2A', 'FBXW7', 'TCF3', 'DCLRE1C', 'CYP1A2', 'TAL1', 'BCR', 'NT5C2', 'PAG1', 'ABCB1']",[],['VBP1']
41.0,4.0,2.0,3393.0,0.9111111111111111,0.9534883720930233,0.9318181818181819,0.9311820446116529,0.9333333333333333,0.95,0.9302325581395349,"['CUL3', 'MYC', 'TP53', 'HSPB1', 'ZNF655', 'DISC1', 'POT1', 'FATE1', 'FANCL', 'BLM', 'SUZ12', 'MLF1', 'KMT2A', 'PALB2', 'FAS', 'NID2', 'MYO16', 'U2AF1', 'CTNNA1', 'XRCC2', 'SLX4', 'ERG', 'PBK', 'SETBP1', 'NTRK3', 'GPR183', 'ASMTL', 'PICALM', 'NOTCH2', 'ETV6', 'BNIPL', 'FLT3', 'ENAH', 'SYNGR1', 'MECOM', 'AGRN', 'LPP', 'ANXA4', 'ACSL6', 'CST3', 'ADCY7']","['APP', 'GOLGA2', 'UBC', 'PICK1']","['SEC24C', 'FILIP1']"
23.0,6.0,2.0,3409.0,0.7931034482758621,0.92,0.851851851851852,0.8530670105979515,0.9333333333333333,0.8,0.76,"['HSPA5', 'PRDX4', 'ALB', 'FGFR2', 'GSDMB', 'SGO2', 'ARRB1', 'TGFB1', 'ARNT', 'F7', 'IGFBP2', 'SLC16A2', 'COMMD1', 'F2', 'F3', 'NPC1', 'TAGLN2', 'F5', 'BAMBI', 'CP', 'JUND', 'SLC30A10', 'PEMT']","['ADGRG5', 'NTS', 'EGFR', 'HTT', 'ERH', 'HDAC9']","['HSD11B2', 'SELENOI']"
34.0,5.0,4.0,3397.0,0.8717948717948718,0.8947368421052632,0.8831168831168831,0.8818702282544456,0.8666666666666667,0.85,0.868421052631579,"['MYC', 'HSCB', 'TP53', 'HSPA5', 'TLE5', 'HRAS', 'CDKN2A', 'PLAUR', 'CSF3R', 'YIF1A', 'F11R', 'TNF', 'PLS1', 'S1PR2', 'BAP1', 'TOP2A', 'ZSCAN22', 'CIDEA', 'HMOX1', 'GJB1', 'DICER1', 'AHR', 'ASNS', 'HGF', 'PDRG1', 'NR1I3', 'DACT2', 'CRABP1', 'TOX3', 'FHIT', 'CCDC134', 'DPP10', 'SNX10', 'SLC40A1']","['GRB2', 'HSPB1', 'CDC5L', 'FN1', 'AIFM3']","['SPATA21', 'GTF2B', 'CCDC167', 'SPDYE4']"
16.0,2.0,2.0,3420.0,0.8888888888888888,0.8888888888888888,0.8888888888888888,0.888304435352945,0.9333333333333333,0.8,0.8888888888888888,"['TP53', 'MAPK1', 'RB1', 'CDH1', 'SPP1', 'CYP2E1', 'TSC22D1', 'GLUL', 'BAK1', 'MAP4', 'SOX4', 'APOC2', 'TNFRSF10B', 'HABP4', 'SQLE', 'RRAS2']","['ELOVL4', 'CENPF']","['SLC9A3R1', 'REEP6']"
52.0,25.0,9.0,3354.0,0.6753246753246753,0.8524590163934426,0.7536231884057972,0.7539420334971143,0.6666666666666666,0.7,0.6885245901639344,"['MYC', 'TP53', 'CYSRT1', 'PCNA', 'SP1', 'ERBB3', 'RAF1', 'PTN', 'MAPK3', 'RASSF1', 'TNF', 'BCL2L1', 'TP63', 'TIMP1', 'EFEMP1', 'MPP1', 'NOTCH2', 'TIRAP', 'NOTCH3', 'RAD1', 'FOXM1', 'NUMB', 'MPO', 'AMMECR1L', 'JUND', 'TLR4', 'SGSM2', 'NPPA', 'GSTP1', 'HTRA1', 'MMP10', 'IDS', 'ATG101', 'FGF9', 'IGBP1', 'ERCC1', 'EMX2', 'SFTPD', 'DOK1', 'GSTM1', 'CHST15', 'IL1B', 'EAF2', 'DAB2IP', 'APOC3', 'TMEM45A', 'IL10', 'IL6', 'GSTT1', 'FHIT', 'RAMP2', 'SELENOP']","['GRB2', 'COPS5', 'ZC3H18', 'NPM1', 'UBE2I', 'LNX1', 'TRAF2', 'UBQLN2', 'HNRNPU', 'GRN', 'FOXR1', 'PICK1', 'MDFI', 'NTAQ1', 'CYP4F2', 'INTS2', 'CREB3', 'HSPA14', 'GAPVD1', 'HSPBAP1', 'H2AX', 'EGLN3', 'TRIM27', 'UNC93B1', 'SMAD3']","['LMNTD1', 'CWH43', 'MCC', 'FAM118B', 'SCAMP5', 'PRMT8', 'NDUFAF5', 'RAC3', 'OSBP']"
69.0,34.0,4.0,3333.0,0.6699029126213593,0.9452054794520548,0.7840909090909092,0.7907656551448182,0.6666666666666666,0.65,0.6575342465753424,"['VCAM1', 'ERBB2', 'UBQLN2', 'MDFI', 'MKI67', 'CREBBP', 'HRAS', 'POM121', 'PDHA1', 'KRAS', 'STAT3', 'ALB', 'APC', 'PPP2R1A', 'RHOA', 'LGALS3', 'CASP8', 'PTPRD', 'DDB1', 'TUBA1C', 'RPL13', 'FANCA', 'XRCC3', 'CCND1', 'ATM', 'CD44', 'GMNN', 'PIK3CA', 'PRPF19', 'TIMP3', 'EEF1A2', 'RGS2', 'ATR', 'SREBF2', 'PTPRF', 'PA2G4', 'SYMPK', 'ALOX5', 'APEX1', 'BIRC5', 'XRCC1', 'PLAU', 'MX1', 'HNRNPL', 'XAF1', 'UMPS', 'ARID1A', 'ERCC1', 'PLIN2', 'ANXA5', 'IL6', 'ABT1', 'IGFBP7', 'PTGS2', 'FST', 'ZNF593', 'NBAS', 'CTSC', 'URM1', 'MARK1', 'TYMS', 'ARHGAP35', 'CDH2', 'SPRR2A', 'HOXA2', 'SPZ1', 'FCGBP', 'MTSS1', 'PTPRT']","['BRCA1', 'CUL1', 'NEK4', 'LMNA', 'PCNA', 'YWHAH', 'LNX1', 'GOLGA2', 'ARRB2', 'CUL2', 'TRIM27', 'MTUS2', 'TLE5', 'NTAQ1', 'DLST', 'VIM', 'CFTR', 'NOTCH2NLA', 'KRT40', 'TP53BP1', 'KDM1A', 'H2AX', 'FLNA', 'PPP3R2', 'FDPS', 'CSDE1', 'SGTA', 'PRR5L', 'COPS6', 'TJAP1', 'BANP', 'HGS', 'KCNA6', 'TCF4']","['GREM1', 'RPL19', 'SLC25A41', 'CAV3']"
30.0,6.0,4.0,3400.0,0.8333333333333334,0.8823529411764706,0.8571428571428571,0.8560323285710231,0.8,0.8,0.8235294117647058,"['UBQLN1', 'FN1', 'NR3C2', 'YWHAZ', 'KRT31', 'CDC42', 'PIK3R1', 'RGS2', 'HNRNPA1', 'RPS14', 'CNN2', 'CCND1', 'ACTN4', 'ATP6V1H', 'MRC2', 'MDH2', 'LIN7A', 'FURIN', 'SCD', 'SLC12A2', 'DBI', 'UCP2', 'ALCAM', 'DUSP6', 'PGAM1', 'CDS1', 'KRT71', 'ADCY5', 'EPCAM', 'CSN3']","['APP', 'TP53', 'HLA-A', 'CAND1', 'ATXN1', 'CUL1']","['C3orf52', 'ODAPH', 'FNDC3A', 'FZD2']"
35.0,8.0,4.0,3393.0,0.813953488372093,0.8974358974358975,0.8536585365853658,0.8529375640658673,0.8,0.8,0.8461538461538461,"['CUL3', 'TERF1', 'FN1', 'ESR1', 'ADRB2', 'ERBB2', 'CDC42', 'ACTB', 'HNRNPA1', 'PDGFRA', 'CDK6', 'PHB', 'CASK', 'MMP9', 'NR5A1', 'SNRPD3', 'SNCG', 'GGT1', 'KITLG', 'PSME1', 'LPL', 'FABP4', 'ANXA4', 'ID1', 'PADI4', 'AGTR2', 'THRSP', 'NSMF', 'S1PR1', 'SOX9', 'UCP2', 'EPHX1', 'DUSP6', 'ABCG2', 'PDGFA']","['HSP90AB1', 'RAD51', 'RBBP4', 'MAS1', 'WDR6', 'ODF4', 'HDAC1', 'HSP90AA1']","['ZDHHC17', 'ACTN2', 'AQP2', 'TFPT']"
10.0,2.0,4.0,3424.0,0.8333333333333334,0.7142857142857143,0.7692307692307692,0.7706612927898475,0.7333333333333333,0.55,0.7142857142857143,"['ERBB2', 'SOCS1', 'CTNNB1', 'CDK6', 'OTX2', 'STRADA', 'ABCA2', 'RBM47', 'MYCN', 'SCG5']","['GPM6B', 'EYA1']","['EGFR', 'PPP1R21', 'STIM1', 'ISL2']"
57.0,18.0,6.0,3359.0,0.76,0.9047619047619048,0.8260869565217391,0.8258113424198588,0.8,0.85,0.746031746031746,"['CAND1', 'MAPK14', 'PICK1', 'SGTB', 'CTNNB1', 'BTRC', 'STK11', 'PLK1', 'AURKA', 'IFNAR1', 'HSPA1A', 'EZR', 'SAE1', 'F2RL1', 'PDGFRA', 'PAK1', 'FASLG', 'CYSRT1', 'IFNA2', 'MLANA', 'JMJD6', 'KLRK1', 'BRCA2', 'SLC25A6', 'SYK', 'ERCC3', 'PDZD3', 'SLC39A12', 'DDB2', 'GNAQ', 'CD86', 'CSF2RA', 'MYO1B', 'ROCK2', 'TNFRSF19', 'STX17', 'CUBN', 'COL2A1', 'GAB2', 'LRP1B', 'PHGDH', 'RPP38', 'FAT4', 'MAGEC1', 'HIKESHI', 'MRPL49', 'AKR1B10', 'NT5DC1', 'ALDH1A3', 'CYP1B1', 'ABCB5', 'USP6NL', 'GLO1', 'CP', 'MX2', 'KLRB1', 'RAX']","['FN1', 'H4-16', 'YWHAZ', 'HDAC1', 'SPRED1', 'UBC', 'COLGALT2', 'ECHS1', 'KAT5', 'CPSF7', 'CSNK2A1', 'DDX58', 'DOCK1', 'MDFI', 'USH1C', 'WDR6', 'SMAD2', 'NOTCH2NLA']","['PSMC3', 'SYT17', 'ZNF212', 'ZSCAN9', 'TTL', 'NDUFAF2']"
38.0,8.0,4.0,3390.0,0.8260869565217391,0.9047619047619048,0.8636363636363636,0.8627882691731495,0.6666666666666666,0.7,0.8333333333333334,"['YWHAG', 'MEOX2', 'ADRB2', 'FGB', 'PLRG1', 'FMR1', 'SIN3A', 'KCNJ5', 'IER2', 'KDM6B', 'KCNAB2', 'TBCD', 'DCC', 'LACTB', 'ALDOB', 'RAI1', 'WDR62', 'VIP', 'KANSL1', 'AHI1', 'NRXN1', 'TRMT1', 'KCNA2', 'DEAF1', 'POLR3B', 'PEX6', 'PRRT2', 'CNKSR1', 'UBR7', 'LETM1', 'SCN1A', 'SNX14', 'KDM5A', 'TAF2', 'H4C3', 'NDST1', 'RGS7', 'TTI2']","['HSPD1', 'COPS5', 'HSP90AB1', 'ATXN1', 'EGFR', 'H4-16', 'LNX1', 'CLCN3']","['KIF1B', 'ANKLE2', 'ITGB8', 'MSLN']"
16.0,3.0,3.0,3418.0,0.8421052631578947,0.8421052631578947,0.8421052631578947,0.8412283265896399,0.8666666666666667,0.8,0.8421052631578947,"['HTT', 'FGB', 'TSEN2', 'DYNC1H1', 'ALDOA', 'LIG4', 'UFM1', 'KIF14', 'IARS1', 'NTNG2', 'TCERG1', 'UFC1', 'TSEN34', 'CENPF', 'MFSD2A', 'ATP1A2']","['THOC2', 'RIN3', 'PALS1']","['TMPPE', 'PTPRF', 'U2SURP']"
14.0,0.0,0.0,3426.0,1.0,1.0,1.0,1.0,0.9333333333333333,0.7,1.0,"['PCNA', 'PDE4DIP', 'ADH1C', 'SAE1', 'CCL11', 'NDRG1', 'ENO1', 'LAMC3', 'PPIA', 'TPI1', 'PIK3CA', 'SOD2', 'HOXD10', 'MT1A']",[],[]
30.0,5.0,3.0,3402.0,0.8571428571428571,0.9090909090909091,0.8823529411764706,0.8815686001099448,0.8,0.85,0.8484848484848485,"['NPM1', 'MLF1', 'CSF2RA', 'SVIL', 'VSIG4', 'CD9', 'CEBPD', 'NUP98', 'ATP5MF', 'JAK2', 'ASMTL', 'GATA2', 'PBK', 'CTNNA1', 'SH3GL1', 'GTF2I', 'MFSD8', 'SPRY4', 'ENO2', 'GFI1', 'IFI30', 'EPHX1', 'PIM2', 'SYNGR1', 'CD33', 'NF1', 'PSIP1', 'TRH', 'CST3', 'ADCY7']","['APP', 'FBL', 'NLGN3', 'DDX47', 'RNF208']","['KIFAP3', 'PAFAH1B3', 'MCAM']"
21.0,3.0,3.0,3413.0,0.875,0.875,0.875,0.8741217798594848,0.8666666666666667,0.9,0.875,"['PRKCA', 'A2M', 'VDAC1', 'CREB1', 'HSPB2', 'BCL2L1', 'OLR1', 'DDIT3', 'LGALS3', 'F2', 'BAK1', 'BAX', 'PLN', 'SPSB4', 'IL1B', 'LDHA', 'HP', 'CREM', 'CAT', 'DAB2IP', 'DGKZ']","['HTT', 'AARSD1', 'ASB2']","['ACADS', 'EMP3', 'PMAIP1']"
15.0,1.0,1.0,3423.0,0.9375,0.9375,0.9375,0.9372079439252337,0.9333333333333333,0.75,0.9375,"['SORT1', 'UBQLN1', 'GAPDH', 'SOD2', 'NCR3LG1', 'ARG1', 'LONP2', 'SET', 'S100A8', 'KRT18', 'TNF', 'ITGA1', 'IL1B', 'GSTP1', 'CTF1']",['STK4'],['TSPAN11']
36.0,10.0,5.0,3389.0,0.782608695652174,0.8780487804878049,0.8275862068965518,0.8267871229108933,0.8666666666666667,0.8,0.8048780487804879,"['APP', 'ESR1', 'TLE1', 'MYH9', 'UBQLN1', 'SCRIB', 'SOX5', 'TIMP1', 'MET', 'NFKB1', 'SHBG', 'PTK2', 'MMP9', 'NRG1', 'BCAR1', 'EPOR', 'ITGA5', 'CNTNAP3B', 'PRPSAP1', 'SOD2', 'FTL', 'TRPM7', 'EGF', 'NOTCH2', 'GAB2', 'LEF1', 'TGIF1', 'SMPD1', 'AHR', 'AMBP', 'MTDH', 'ZEB1', 'DLX4', 'CDH2', 'CTSS', 'EN1']","['MYC', 'VCAM1', 'EP300', 'EIF4A2', 'TRAF2', 'TPR', 'PSIP1', 'CSNK2A1', 'SPRED1', 'GCSH']","['CEP162', 'PSMB3', 'CHD1L', 'AHNAK2', 'FAH']"
43.0,13.0,2.0,3382.0,0.7678571428571429,0.9555555555555556,0.8514851485148515,0.8545334542408713,0.6666666666666666,0.7,0.7777777777777778,"['ERBB2', 'ESR1', 'HSP90AA1', 'ERBB3', 'CTNNB1', 'ENG', 'AGT', 'MAPK3', 'PTEN', 'TGFBR2', 'FADD', 'IL6ST', 'SPP1', 'CXCL12', 'IGF1', 'SERPINA1', 'STAT1', 'EPOR', 'TXN', 'TPM4', 'PXN', 'SERPINB5', 'ALDOA', 'SLC39A4', 'EEF1B2', 'NAGK', 'CTU1', 'XPC', 'CLIC1', 'GJB1', 'IL18', 'ANXA4', 'GAB2', 'EML4', 'IGFBP7', 'SOD2', 'ROR1', 'EIF1AX', 'ABCB1', 'GDF15', 'MST1', 'ETV4', 'IBSP']","['CUL3', 'CAND1', 'APP', 'MEOX2', 'HSPB1', 'ARAF', 'LNX1', 'PCNA', 'CDC5L', 'TRAF2', 'SPRED1', 'TAS2R5', 'AFF2']","['NDUFA9', 'MAP1S']"
19.0,2.0,0.0,3419.0,0.9047619047619048,1.0,0.9500000000000001,0.9509116462086992,0.9333333333333333,0.9,0.8947368421052632,"['ICAM1', 'CDK15', 'BRCA1', 'CDKN2A', 'EPHA2', 'GLP1R', 'PLAUR', 'NUDT9', 'SRF', 'SOD2', 'NUDT19', 'APOBEC3B', 'KDM6A', 'IL1B', 'MSLN', 'PTGS2', 'ERCC1', 'APOBEC3A', 'ABCB1']","['WFS1', 'MAPK8IP1']",[]
18.0,6.0,4.0,3412.0,0.75,0.8181818181818182,0.7826086956521738,0.7818975645364133,0.8,0.8,0.7727272727272727,"['EP300', 'HSF2BP', 'GRN', 'GRIP1', 'APOE', 'NGFR', 'CD44', 'BCL2', 'LRP8', 'AGO2', 'CNR1', 'NGF', 'IGF2', 'PANK2', 'CHRNA7', 'TGFA', 'SLC6A3', 'SLC1A2']","['KRTAP10-3', 'TCP1', 'ARRDC3', 'EGFR', 'MARCHF3', 'ETV3']","['TRAF6', 'CHGB', 'RPAP3', 'PKN3']"
51.0,15.0,4.0,3370.0,0.7727272727272727,0.9272727272727272,0.8429752066115703,0.8438072444695172,0.8,0.8,0.7636363636363637,"['HSCB', 'CUL3', 'ESR1', 'SDHA', 'ABL1', 'SOD1', 'BBS1', 'NDUFS7', 'CIDEB', 'CEACAM1', 'NSFL1C', 'INS', 'TNF', 'GNAS', 'SLC22A2', 'PRKAR2B', 'HOXB5', 'NR0B2', 'CNR1', 'ECHS1', 'FTL', 'BBS12', 'LPL', 'POMC', 'FOXO3', 'AGRP', 'ARL6', 'CYB5A', 'LDLR', 'ADH1B', 'LRRC8A', 'FCGR3B', 'F2', 'SOD2', 'SLC16A7', 'NEGR1', 'PTGS2', 'HK2', 'CYP1B1', 'ADCY3', 'GHRL', 'PLIN1', 'AQP7', 'ALDH1L1', 'GPX1', 'CD163', 'CES1', 'ACADM', 'ENTPD6', 'SLC22A3', 'FAAH']","['GRB2', 'MEOX2', 'FN1', 'AXIN1', 'HSPA8', 'GOLGA2', 'UBQLN2', 'AGR2', 'ATP5IF1', 'KRT85', 'HOXA1', 'TMCO5A', 'STUB1', 'AQP6', 'CUL5']","['KDM1A', 'TP53I3', 'OPRM1', 'CDK14']"
22.0,0.0,2.0,3416.0,1.0,0.9166666666666666,0.9565217391304348,0.9571469535125184,1.0,1.0,0.9166666666666666,"['SDCBP', 'YWHAQ', 'CCL5', 'PDHA1', 'IL1R1', 'TGFB1', 'COL6A2', 'CXCL6', 'PSMB1', 'MKNK1', 'SEC23A', 'CLIC1', 'EEF2', 'TRAP1', 'GSTK1', 'NDUFS8', 'P3H3', 'ISOC2', 'MATN3', 'DPYSL2', 'DAPP1', 'ACAA2']",[],"['PPP2CA', 'MAGEA10']"
21.0,1.0,4.0,3414.0,0.9545454545454546,0.84,0.8936170212765958,0.8947379381618503,1.0,0.95,0.84,"['EP300', 'DLG1', 'SMURF2', 'DAXX', 'ZNRF3', 'IFNA5', 'CD44', 'RBBP8', 'FXYD3', 'PLAU', 'BAP1', 'AKT2', 'TSC2', 'ATRX', 'LDHA', 'NR5A2', 'CLPTM1', 'TYMS', 'PTGS2', 'SUGCT', 'EPCAM']",['SYT12'],"['SH3GL3', 'PRDX5', 'SEPTIN8', 'RNF220']"
22.0,3.0,1.0,3414.0,0.88,0.9565217391304348,0.9166666666666666,0.9168896802565828,1.0,0.9,0.8695652173913043,"['APP', 'LBP', 'BAG6', 'KRTAP10-3', 'SOD1', 'DRAXIN', 'CASK', 'HSFY2', 'HSPA1A', 'LSM1', 'PSMB8', 'RPL23A', 'GDNF', 'MAOB', 'INS', 'HMOX1', 'SLC2A14', 'ABCB1', 'DDIT4', 'SLC18A2', 'HFE', 'TRPM2']","['ANKRD13D', 'SERPINF1', 'EGFL8']",['ENTPD4']
14.0,0.0,1.0,3425.0,1.0,0.9333333333333333,0.9655172413793104,0.9659507786586252,0.9333333333333333,0.75,0.9333333333333333,"['QSOX1', 'CXCL9', 'COPS5', 'CCL20', 'IL17A', 'CXCL1', 'CCL24', 'IL1B', 'CCR2', 'TNFRSF1A', 'CXCR2', 'CCR9', 'CX3CL1', 'CXCR3']",[],['IFNG']
15.0,1.0,0.0,3424.0,0.9375,1.0,0.967741935483871,0.9681044764756864,1.0,0.75,1.0,"['PF4', 'GRB2', 'COPS5', 'CXCL5', 'CXCL1', 'SERPINB4', 'CCR5', 'CCL7', 'CCL24', 'TNFRSF1A', 'CCL19', 'POMC', 'AHR', 'AGT', 'CD59']",['IL4R'],[]
34.0,13.0,6.0,3387.0,0.723404255319149,0.85,0.7816091954022989,0.7814290283148847,0.6,0.6,0.7,"['EGFR', 'H2BC21', 'BRCA1', 'HSPA8', 'KRT31', 'CD79B', 'ELOA', 'RC3H2', 'MAP3K5', 'CDC6', 'RHPN1', 'BAX', 'CLDN4', 'S100P', 'C7orf50', 'TMF1', 'DMD', 'HOOK3', 'PRKD2', 'BLOC1S3', 'CKS2', 'HSD3B1', 'RRM2', 'HID1', 'RASL10B', 'RBP4', 'CCNE2', 'ZNF205', 'LHB', 'ELAVL3', 'BBOF1', 'SRD5A1', 'SCT', 'TCF15']","['GRB2', 'HSCB', 'BMPR1A', 'ZNF250', 'GRPR', 'ESR1', 'NCOA1', 'YWHAB', 'SNW1', 'HLA-F', 'RFC1', 'EMC6', 'LNX1']","['TNS2', 'CSE1L', 'PHYHIP', 'TIMM29', 'KLHL9', 'RCOR2']"
25.0,4.0,0.0,3411.0,0.8620689655172413,1.0,0.9259259259259259,0.9279327677624889,0.9333333333333333,0.9,0.84,"['HNRNPC', 'AKT1', 'FLNA', 'RAN', 'HRAS', 'ERGIC3', 'PHB', 'TADA2A', 'ACTC1', 'KRT8', 'FKBP2', 'YIF1A', 'FOXM1', 'PSCA', 'PRKG1', 'BCAT2', 'EGF', 'PTGS2', 'NR1I3', 'CPS1', 'TRIO', 'NOP16', 'SIX3', 'HIGD2A', 'PSD2']","['EGFR', 'COPS5', 'STK11IP', 'RABL3']",[]
18.0,1.0,0.0,3421.0,0.9473684210526315,1.0,0.972972972972973,0.973186300068424,1.0,0.9,0.9444444444444444,"['USP8', 'HSPD1', 'ADAMTSL4', 'AGTR1', 'ITGB1', 'IL6R', 'BDKRB2', 'AVP', 'ATF3', 'AQP2', 'SOD2', 'AVPR2', 'TLR2', 'PDK2', 'ADCYAP1', 'MAPK11', 'EPG5', 'HGF']",['HDGFL2'],[]
18.0,0.0,2.0,3420.0,1.0,0.9,0.9473684210526316,0.9484060268775449,1.0,0.9,0.9,"['CCL11', 'IL4R', 'HMGB1', 'DDX19B', 'IL12B', 'SKIL', 'CCL4', 'STAT6', 'CCR2', 'ADIPOQ', 'IL1RN', 'ELN', 'SMAD7', 'AP3B1', 'SOD3', 'ABCA3', 'FAM13A', 'EDN1']",[],"['MACF1', 'LRRC32']"
21.0,3.0,4.0,3412.0,0.875,0.84,0.8571428571428572,0.8562994537320582,1.0,0.9,0.84,"['VIM', 'SPRED1', 'EP300', 'COPS6', 'PTGIS', 'RALA', 'FGG', 'PTEN', 'IL6ST', 'CASP8', 'CHAT', 'EIF2B4', 'ALOX5', 'TERT', 'PPARA', 'HMOX1', 'C9', 'FGF2', 'IL1A', 'HGF', 'GPT']","['USP14', 'TFAP4', 'GRB2']","['CUL5', 'XCL2', 'LDOC1', 'NARF']"
16.0,1.0,2.0,3421.0,0.9411764705882353,0.8888888888888888,0.9142857142857143,0.9142248511673541,0.9333333333333333,0.8,0.8888888888888888,"['TRIM63', 'ADAMTSL4', 'TNF', 'PDHB', 'MAPK1', 'OAT', 'PPP1R1A', 'CS', 'TMEM70', 'OLR1', 'IL4', 'CAT', 'PRKCE', 'MYOT', 'SCO2', 'EPO']",['CDC45'],"['MMS19', 'AMPD1']"
62.0,19.0,1.0,3358.0,0.7654320987654321,0.9841269841269841,0.861111111111111,0.8652655826829766,0.7333333333333333,0.75,0.7619047619047619,"['CUL3', 'TMEM17', 'DNAJC5', 'SOD1', 'LTB4R2', 'CSNK2A1', 'SREBF1', 'AP2M1', 'MME', 'NLGN3', 'DLG4', 'LCN2', 'OPRM1', 'DEFA1B', 'GNB3', 'ORMDL1', 'IL6R', 'CASP1', 'SMC1A', 'GTF3C3', 'PHC1', 'DRD1', 'FUT1', 'ATP7A', 'TREX1', 'SLC35A1', 'ALAD', 'DHPS', 'CRIP2', 'TSEN15', 'NOTCH3', 'RARS1', 'CASR', 'MTHFR', 'GTPBP2', 'AGT', 'GCH1', 'ACTL6B', 'CAT', 'PIGU', 'PIGM', 'INS', 'IMPA1', 'GABRA5', 'SLC6A1', 'TRPM3', 'GAMT', 'UGP2', 'SSTR2', 'FOLR1', 'ZNF292', 'ALPL', 'LEP', 'SLC12A5', 'KCNK4', 'PVALB', 'TRH', 'SLC17A7', 'OXR1', 'GHRL', 'KIAA1109', 'FAAH']","['GRB2', 'HNRNPU', 'CDC5L', 'ESR1', 'PICK1', 'SKP2', 'FLNA', 'TCTN3', 'CUL5', 'NTAQ1', 'CBY1', 'NUP50', 'MDM2', 'TRAF2', 'PRKN', 'CELA1', 'P2RY6', 'DENND2B', 'FXR1']",['MAPK8']
13.0,0.0,1.0,3426.0,1.0,0.9285714285714286,0.962962962962963,0.9634835084469433,0.9333333333333333,0.7,1.0,"['CSNK2A1', 'HRAS', 'CSNK2A2', 'ERBB4', 'SMO', 'TGFBR1', 'SOD2', 'PTK2B', 'SHC2', 'IGF1', 'ODC1', 'PTGS2', 'GSTT1']",[],['AQP3']
66.0,36.0,7.0,3331.0,0.6470588235294118,0.9041095890410958,0.7542857142857143,0.7590916764317974,0.5333333333333333,0.55,0.6164383561643836,"['GRB2', 'ERBB2', 'HSPA8', 'NPM1', 'EEF1A1', 'CDK15', 'JUN', 'ALB', 'MAPK3', 'NOP56', 'WWOX', 'LXN', 'RPL18', 'HTR1A', 'LGALS3', 'DDB1', 'YIPF6', 'RPL13', 'FANCA', 'TNF', 'RAD23A', 'ATM', 'SIAH2', 'UBR5', 'ENO1', 'AURKB', 'RXRB', 'TPM3', 'CDKN1B', 'TIMP3', 'MRPS11', 'RGS2', 'CTSL', 'ATE1', 'PTPRF', 'POLR3D', 'RPS26', 'GPR39', 'IGFBP3', 'ALOX5', 'BID', 'SOD2', 'MT2A', 'CPSF1', 'AHR', 'KRT20', 'XAF1', 'NOG', 'RARB', 'PRSS37', 'TBX3', 'FST', 'PGAM1', 'PUS1', 'RRP9', 'TNFRSF9', 'PPIC', 'CXCL8', 'CTNNA2', 'IL1RN', 'AFP', 'CA2', 'MSX1', 'MSLN', 'FHIT', 'FILIP1']","['CUL3', 'COPS5', 'VCAM1', 'HSP90AB1', 'LMNA', 'NRAS', 'YWHAH', 'MAPK6', 'CYSRT1', 'CTNNB1', 'YWHAZ', 'YWHAB', 'YWHAQ', 'UBC', 'ARRB2', 'HSPA5', 'STX6', 'PTGIR', 'FGFR3', 'IPO8', 'LRRK2', 'ZBTB14', 'PIK3R1', 'AGR2', 'SDCBP', 'CHIC2', 'ZFYVE9', 'ARHGEF2', 'FLNA', 'IFT81', 'KRTAP7-1', 'ZNFX1', 'MLH1', 'SGTA', 'TRIM54', 'SETDB1']","['KISS1', 'KRTAP5-9', 'TRA2A', 'TMCC2', 'ITGAM', 'MSI2', 'ZNF613']"
29.0,6.0,1.0,3404.0,0.8285714285714286,0.9666666666666667,0.8923076923076922,0.8939860762499109,0.9333333333333333,0.9,0.8333333333333334,"['HSCB', 'TP53', 'BAG6', 'SLC9A1', 'SGTB', 'AGT', 'IFNGR1', 'BACE1', 'MYOC', 'BDKRB1', 'PCK2', 'BCL2L1', 'IL6R', 'VEGFA', 'MAP3K5', 'ACOX1', 'CPT1A', 'CX3CL1', 'TEAD1', 'KCNJ11', 'CYBB', 'PDK4', 'LEP', 'PTPRZ1', 'TIMP2', 'S100A6', 'IFNG', 'CPT1B', 'NQO1']","['GRB2', 'MYC', 'MSX2', 'ERAL1', 'SLAIN2', 'ASCL4']",['FBXW11']
15.0,2.0,1.0,3422.0,0.8823529411764706,0.9375,0.9090909090909091,0.909074681950831,0.8666666666666667,0.75,0.875,"['LYNX1', 'HTR2C', 'CHRNA5', 'CRP', 'HCRTR1', 'SMAD1', 'MAPK3', 'GRIA2', 'COL18A1', 'GPR50', 'ADORA1', 'BDNF', 'REN', 'NPY', 'ADCY1']","['MEOX2', 'SIAH2']",['TWIST2']
61.0,21.0,4.0,3354.0,0.7439024390243902,0.9384615384615385,0.8299319727891157,0.8320965276944601,0.6666666666666666,0.75,0.7384615384615385,"['APP', 'EGFR', 'ATXN1', 'HTR3A', 'SORT1', 'DRD2', 'CDC42', 'CRKL', 'HSPA1A', 'CDKN2A', 'CYP2C9', 'HTR2A', 'DNAJC12', 'FKBP5', 'IL20RB', 'DDX3X', 'BDNF', 'USP9X', 'CAMK2A', 'ADORA2A', 'GSK3A', 'GALR2', 'PTPRA', 'SFXN5', 'VAMP2', 'LCN1', 'TYK2', 'ANK2', 'MAP2K1', 'NEDD9', 'CRHR1', 'FKBP4', 'IFNAR1', 'NTM', 'FTL', 'HSPA1L', 'IRF7', 'CACNA1C', 'GJA1', 'PDLIM5', 'PCNT', 'MAOB', 'PTX3', 'MTHFR', 'YWHAE', 'EDEM1', 'TPH1', 'CC2D1A', 'MAP2', 'EGF', 'KMO', 'TDO2', 'SERPINE1', 'CNP', 'OXT', 'SLC6A13', 'ADCY7', 'GRIK4', 'HTR3B', 'TG', 'HTR7']","['PICK1', 'UBQLN1', 'CDC5L', 'FN1', 'YWHAB', 'SPRED1', 'BRCA1', 'PRKN', 'IKBKG', 'AKT1', 'SSBP1', 'HDAC1', 'MDM2', 'NOXA1', 'CUL5', 'P2RY6', 'REL', 'ABL1', 'KRAS', 'RELA', 'PERP']","['TERF2IP', 'NSUN2', 'RHBDL1', 'NSDHL']"
20.0,5.0,5.0,3410.0,0.8,0.8,0.8000000000000002,0.7985358711566618,0.8,0.8,0.8,"['GRB2', 'APP', 'ACTBL2', 'CSF3R', 'PIM1', 'CLU', 'B2M', 'TLR2', 'DOCK5', 'SERPINA1', 'CYP2C9', 'IL3', 'TLR1', 'BCHE', 'UGT1A1', 'SLC25A39', 'KITLG', 'AFM', 'ABCG2', 'ACHE']","['KIFC3', 'KHDRBS1', 'PSMC1', 'HSCB', 'XPR1']","['SLCO2A1', 'UNC93B1', 'PLD1', 'BCAT2', 'NID1']"
27.0,2.0,3.0,3408.0,0.9310344827586207,0.9,0.9152542372881356,0.914655089262875,1.0,0.9,0.9333333333333333,"['APP', 'AQP6', 'SHC1', 'NLGN3', 'PRPS1', 'RPS8', 'EZH2', 'SUMF1', 'ZFP1', 'VAMP2', 'PYCARD', 'POMC', 'HDHD2', 'TPM4', 'SORBS2', 'SETBP1', 'MPRIP', 'MEST', 'OSBPL8', 'FAM126B', 'LPGAT1', 'AHR', 'FGGY', 'LARGE1', 'IDO1', 'RAMP2', 'ACADM']","['PLD1', 'MEOX2']","['MMP12', 'DNAH11', 'GPR151']"
15.0,1.0,0.0,3424.0,0.9375,1.0,0.967741935483871,0.9681044764756864,0.9333333333333333,0.75,0.9333333333333333,"['FHL2', 'TMEM17', 'FBL', 'CLTC', 'ZBTB17', 'IMMP2L', 'MYD88', 'ALK', 'MALT1', 'IKZF5', 'GNA13', 'TRAF5', 'FOXO1', 'STAT6', 'ABCB1']",['HMGB1'],[]
17.0,2.0,1.0,3420.0,0.8947368421052632,0.9444444444444444,0.918918918918919,0.9188201161677553,0.9333333333333333,0.85,0.8888888888888888,"['DRD2', 'CHRNB2', 'ALDH2', 'MPDZ', 'TF', 'APOE', 'DRD3', 'ARNTL2', 'MC4R', 'TLR4', 'GGT1', 'ALDH1A1', 'POMC', 'GLRB', 'TLR2', 'CNR2', 'TBX19']","['PMP22', 'AP1B1']",['CPOX']
16.0,1.0,0.0,3423.0,0.9411764705882353,1.0,0.9696969696969697,0.9700008217947925,0.9333333333333333,0.8,0.9375,"['OPRL1', 'OPRM1', 'ADORA2A', 'HTR2C', 'CRP', 'GHSR', 'PER1', 'AVP', 'BMT2', 'HCRTR1', 'ARL6IP5', 'MMP9', 'CREB1', 'RUNX2', 'PER3', 'CCKBR']",['SELENOK'],[]
20.0,2.0,3.0,3415.0,0.9090909090909091,0.8695652173913043,0.888888888888889,0.8883800009127026,0.9333333333333333,0.9,0.8695652173913043,"['MEOX2', 'SPTAN1', 'CAV1', 'CHRM2', 'UBE3A', 'GABRB3', 'GNAO1', 'PDGFRL', 'ITGB3BP', 'WDFY3', 'DYRK1A', 'RAB39B', 'GRIN2B', 'SLC52A2', 'EEF1A2', 'DPF2', 'SNAP25', 'ARID1B', 'IQSEC2', 'SLC12A2']","['GRB2', 'SLC22A1']","['MAP3K7', 'HNRNPDL', 'ERCC2']"
17.0,4.0,1.0,3418.0,0.8095238095238095,0.9444444444444444,0.8717948717948718,0.8736865079727238,0.8666666666666667,0.8,0.8333333333333334,"['MYC', 'BANP', 'KRAS', 'CXCL9', 'EPAS1', 'ASAH1', 'CASP3', 'ADAM17', 'JAK2', 'FAS', 'KDR', 'GLUL', 'BAK1', 'SOX4', 'GRP', 'HGF', 'MPEG1']","['USP7', 'ALX1', 'ZNF483', 'ZHX2']",['CLU']
18.0,2.0,1.0,3419.0,0.9,0.9473684210526315,0.9230769230769231,0.9229455995013829,0.9333333333333333,0.9,0.8947368421052632,"['EGFR', 'TUBB3', 'ATF2', 'PDIA3', 'IL2', 'SKP2', 'FOXA2', 'VDR', 'TOP1', 'MSL2', 'CAPN1', 'SOD2', 'NACC1', 'FASN', 'GPX3', 'DNAJC10', 'ENOX2', 'SLC5A5']","['FUS', 'SIL1']",['RPL19']
24.0,5.0,0.0,3411.0,0.8275862068965517,1.0,0.9056603773584906,0.9090516315213912,0.9333333333333333,0.9,0.875,"['HSCB', 'VCAM1', 'SKIL', 'SMAD3', 'YWHAQ', 'SDHA', 'COL1A1', 'PPP2R1A', 'TPRN', 'BBS1', 'COL6A2', 'DPEP1', 'GDF5', 'CALCA', 'ACO1', 'HADHA', 'P3H3', 'GLRA2', 'IL1B', 'ETFA', 'OPA1', 'LTBP3', 'ALDH1A2', 'TRPV4']","['CUL3', 'OLFM4', 'RPS18', 'ECI2', 'MYC']",[]
33.0,10.0,4.0,3393.0,0.7674418604651163,0.8918918918918919,0.825,0.8253321935770543,0.6,0.7,0.7297297297297297,"['LMNA', 'NOTCH1', 'POT1', 'H2AC8', 'NDEL1', 'GADD45A', 'CCDC14', 'PLK2', 'EIF2B2', 'FOXP1', 'TFDP1', 'FCGR1A', 'HSPA6', 'GP1BA', 'WASF3', 'MS4A4A', 'MYZAP', 'MSN', 'CTLA4', 'CXCL1', 'KCNJ15', 'FAXDC2', 'RBM47', 'TBR1', 'MAP2', 'TNFAIP8', 'R3HDM2', 'APOBEC3A', 'ALOX12', 'MEX3C', 'RNF103', 'BEND2', 'DUSP2']","['HTT', 'TP53', 'COPS5', 'CMTM5', 'RBX1', 'CTAG1B', 'USP32', 'PCNA', 'EIF1AD', 'COL26A1']","['ZFP91', 'STMN1', 'ATP6V1E1', 'PLEKHG6']"
15.0,3.0,1.0,3421.0,0.8333333333333334,0.9375,0.8823529411764706,0.8833154324803336,0.8,0.8,0.8125,"['LYNX1', 'CNR1', 'CHRNA5', 'UBQLN4', 'CHRNB2', 'WLS', 'PNOC', 'CHRNA7', 'MAPK1', 'GNAO1', 'GRIA1', 'BDNF', 'CHST3', 'OPRK1', 'ADCY1']","['MEOX2', 'PNMA1', 'CRY1']",['FAAH']
45.0,10.0,2.0,3383.0,0.8181818181818182,0.9574468085106383,0.8823529411764706,0.8833969835211808,0.7333333333333333,0.75,0.8085106382978723,"['APP', 'ATXN1', 'TLE5', 'IQCB1', 'ACTB', 'MAPK14', 'MAPK3', 'ADRB2', 'SLC13A1', 'GSTM4', 'RAB7A', 'ITGB3', 'ICAM1', 'DPP4', 'ALDOA', 'PPP2R5A', 'FGF9', 'SULT1A1', 'CAMK2D', 'TMPO', 'APOC2', 'EDNRA', 'RPL17', 'CNR2', 'ATP1A1', 'MX1', 'ID3', 'PTPRA', 'AGT', 'HK2', 'CEBPD', 'CCL3', 'PYGB', 'GCLC', 'RLN3', 'DUSP6', 'IL1B', 'TNNT2', 'RIPOR2', 'RYR2', 'C1QB', 'PPAT', 'CD36', 'PDK4', 'FABP5']","['CUL3', 'HSCB', 'YWHAG', 'HSP90AB1', 'COMT', 'C1orf35', 'HSPB1', 'MCCC1', 'MID1IP1', 'TDRKH']","['DKKL1', 'COX7A2']"
44.0,10.0,5.0,3381.0,0.8148148148148148,0.8979591836734694,0.8543689320388349,0.8531974787537782,0.8666666666666667,0.85,0.8163265306122449,"['VCAM1', 'HSCB', 'AP2M1', 'CTNNB1', 'HRAS', 'SCRIB', 'STK11', 'NCL', 'APC', 'FBL', 'FGFR4', 'ARAF', 'GAPDH', 'RRS1', 'RPL10A', 'KPNA2', 'LATS2', 'FOXL2', 'PIK3CA', 'SMARCC1', 'ALDOA', 'ATR', 'NEK1', 'ANXA1', 'CHCHD4', 'UBR2', 'TOMM40', 'IPO5', 'TPI1', 'ULK1', 'LDHA', 'RFC4', 'TIMM10', 'SUCLG2', 'AHR', 'AURKC', 'ERCC1', 'PIGN', 'RANGRF', 'GRWD1', 'ARHGAP35', 'RPS6KC1', 'SLC19A1', 'CMTR2']","['APP', 'FN1', 'NKAPD1', 'MRAP2', 'HAVCR2', 'CUL5', 'DLST', 'PIK3R1', 'NTAQ1', 'PRKN']","['RUVBL1', 'TXNL4A', 'GLUD1', 'MARK1', 'FLT3LG']"
29.0,6.0,1.0,3404.0,0.8285714285714286,0.9666666666666667,0.8923076923076922,0.8939860762499109,0.7333333333333333,0.75,0.8,"['TMEM17', 'TMEM216', 'CEP120', 'KIAA0753', 'IFT27', 'IFT80', 'TAFAZZIN', 'TFAP2A', 'FGFR1', 'IFT140', 'EVC2', 'PITX1', 'PIK3CA', 'VIPR1', 'SMO', 'CSPP1', 'BMP4', 'MIPOL1', 'B9D1', 'NEK1', 'FRAS1', 'FREM2', 'GDF5', 'SALL1', 'INPP5E', 'BHLHA9', 'RAB23', 'TBX22', 'CKAP2L']","['CUL3', 'YWHAG', 'DYNLL1', 'HSCB', 'LRP6', 'APP']",['TOMM70']
11.0,0.0,3.0,3426.0,1.0,0.7857142857142857,0.88,0.8860174217480403,0.8666666666666667,0.65,0.9285714285714286,"['CAND1', 'SAE1', 'NDRG1', 'PTK2', 'PRTFDC1', 'ICAM1', 'SOD2', 'IL18', 'ANXA1', 'ATP7B', 'NAMPT']",[],"['MGMT', 'ADH7', 'STUB1']"
25.0,5.0,4.0,3406.0,0.8333333333333334,0.8620689655172413,0.847457627118644,0.8462622296375236,0.8666666666666667,0.9,0.8275862068965517,"['EP300', 'CTNNB1', 'LCN2', 'MAPK14', 'UPF3A', 'APC', 'APOA1', 'TGFB1', 'FGF9', 'SPP1', 'RASSF1', 'STAT5A', 'BCL2', 'KDR', 'VEGFA', 'EIF2A', 'EEF2', 'VPS51', 'ARID1A', 'KRT20', 'FAT4', 'MSLN', 'KCNQ1', 'PRL', 'GHRL']","['GRB2', 'COPS5', 'KRTAP12-1', 'HSCB', 'DAPK2']","['GAGE1', 'KAT2B', 'STRADA', 'ZFP42']"
24.0,4.0,5.0,3407.0,0.8571428571428571,0.8275862068965517,0.8421052631578947,0.8409181974206975,0.9333333333333333,0.85,0.8620689655172413,"['MEOX2', 'UBQLN1', 'HSPA5', 'H2AX', 'MKI67', 'ABL1', 'STAT3', 'STK11', 'C1QBP', 'MET', 'APOE', 'STAT5A', 'GMPR2', 'ENO1', 'GRB7', 'NR1I2', 'KRT20', 'CA1', 'ROBO1', 'GKN1', 'DDR1', 'HOXA10', 'RAMP2', 'GHRL']","['PLK1', 'CEP126', 'PSAP', 'HSCB']","['GAGE1', 'USP21', 'POLR3C', 'SMPD4', 'C5orf49']"
26.0,2.0,3.0,3409.0,0.9285714285714286,0.896551724137931,0.912280701754386,0.9116907814380972,0.9333333333333333,0.9,0.896551724137931,"['ADRB2', 'TP53', 'ERBB2', 'SPRED1', 'GHITM', 'STK11', 'C1QBP', 'CLU', 'PHB', 'CCND1', 'APOE', 'KRT8', 'TPM3', 'ENO1', 'MPP1', 'EIF2A', 'KMT2A', 'PGR', 'ARID1A', 'CA1', 'GKN1', 'CA2', 'PTGS2', 'HOXA10', 'TYRP1', 'PTGER1']","['GRB2', 'BPNT1']","['ERBB3', 'CDCA8', 'TXNL4B']"
27.0,6.0,2.0,3405.0,0.8181818181818182,0.9310344827586207,0.8709677419354839,0.8716483134394283,0.8,0.8,0.8620689655172413,"['UBQLN1', 'H2AX', 'DDX31', 'LCN2', 'ABL1', 'ESR2', 'KRAS', 'C1QBP', 'CCND1', 'MET', 'EGR1', 'FGF9', 'APOE', 'KRT8', 'TPM3', 'STAT5A', 'ENO1', 'PIK3CA', 'CEACAM1', 'SERPINA1', 'VPS51', 'CCN2', 'CKB', 'RARB', 'ROBO1', 'KCNQ1', 'PTGS2']","['HTT', 'COPS5', 'HNRNPF', 'RPL26L1', 'MCCD1', 'ATIC']","['VTN', 'MYH11']"
29.0,5.0,0.0,3406.0,0.8529411764705882,1.0,0.9206349206349206,0.9228710073652564,0.9333333333333333,0.9,0.896551724137931,"['HSPA5', 'EGFR', 'MLH1', 'MKI67', 'DDX31', 'MAPK14', 'KRT34', 'KRAS', 'AGT', 'CLU', 'PHB', 'CCND1', 'MET', 'NPPA', 'APOE', 'SMARCC1', 'ENO1', 'VEGFA', 'EIF2A', 'CYP2E1', 'ARID1A', 'ALOX12B', 'GPX3', 'KMT2C', 'ROBO1', 'GKN1', 'CXCL8', 'PLCE1', 'GHRL']","['CUL3', 'RBMX', 'ZBTB7B', 'STARD13', 'OR6B1']",[]
35.0,9.0,6.0,3390.0,0.7954545454545454,0.8536585365853658,0.8235294117647058,0.8218496068425257,0.7333333333333333,0.75,0.8292682926829268,"['UBQLN1', 'SOD1', 'KRT31', 'EEF1A1', 'TP53I3', 'PTGS2', 'RPL6', 'PTN', 'TLR4', 'MED12', 'MMP9', 'RASA1', 'ACTN4', 'CAPZB', 'ANXA1', 'PRDX2', 'RCN1', 'PSME1', 'SRSF2', 'ANXA4', 'GGT1', 'FABP4', 'LSR', 'PEBP1', 'EIF5A', 'S100A6', 'HBA1', 'MIF', 'RBP1', 'DUSP6', 'TRPS1', 'LY96', 'INSIG1', 'GSTT1', 'SELENOP']","['HSP90AB1', 'COPS5', 'MEOX2', 'YWHAG', 'HDAC1', 'CFTR', 'MTREX', 'ZSCAN4', 'CYSRT1']","['GSS', 'RTN4', 'SAFB', 'SFI1', 'ZNF350', 'NREP']"
33.0,4.0,8.0,3395.0,0.8918918918918919,0.8048780487804879,0.8461538461538461,0.845532505452543,0.9333333333333333,0.9,0.8048780487804879,"['MYC', 'UBQLN1', 'TERF1', 'YWHAZ', 'KRAS', 'RHOA', 'RAN', 'TGFBR2', 'GRIN2C', 'RPL6', 'PTGS1', 'RPS14', 'HSPA6', 'PKM', 'TPM3', 'CSF2RA', 'NDN', 'URI1', 'PRLR', 'ANGPTL4', 'CORO1A', 'SGK1', 'S100A6', 'HBA1', 'STMN1', 'VAMP8', 'SLC25A10', 'UCP2', 'INSIG1', 'G0S2', 'CSN3', 'OXT', 'MERTK']","['HSP90AB1', 'PLS1', 'VIM', 'CDC5L']","['AQP6', 'GTPBP4', 'EPB41', 'MARK1', 'DOCK4', 'SLC1A3', 'MPHOSPH10', 'ASTE1']"
38.0,8.0,3.0,3391.0,0.8260869565217391,0.926829268292683,0.8735632183908046,0.8734300817775721,0.8666666666666667,0.9,0.8292682926829268,"['UBQLN1', 'ERBB2', 'UBE2I', 'HSP90AA1', 'ACTB', 'HIF1A', 'RHOA', 'CSF3R', 'PHB', 'CASK', 'EZR', 'TPM3', 'CNN2', 'TSC22D1', 'ACTN4', 'ING1', 'EFEMP1', 'DES', 'TEC', 'PRDX2', 'SRSF2', 'PLK2', 'CCNH', 'PTBP1', 'ANGPTL4', 'MDH2', 'LSR', 'ACSL1', 'IL6ST', 'KITLG', 'UCP2', 'XDH', 'SOX9', 'INSIG1', 'GSTT1', 'KYAT1', 'EPCAM', 'MERTK']","['VCAM1', 'CUL1', 'SNW1', 'RANGAP1', 'RPS17', 'PCNA', 'ATG10', 'TMCO4']","['PPTC7', 'THOC5', 'MYCBP']"
38.0,9.0,3.0,3390.0,0.8085106382978723,0.926829268292683,0.8636363636363636,0.8639406124783446,0.9333333333333333,0.85,0.7804878048780488,"['TP53', 'SOD1', 'HSP90AA1', 'KAT5', 'HRAS', 'TGFBR2', 'PTEN', 'RPS14', 'PTN', 'HSPA6', 'COMMD1', 'RPL3', 'ENO1', 'SPINT2', 'TEC', 'EFEMP1', 'GNAI2', 'CAPZB', 'PSMA4', 'CNN3', 'PLK2', 'LSR', 'SCGB1A1', 'PEBP1', 'THRSP', 'ACKR3', 'SCARB1', 'ATP7B', 'ABCB1', 'BASP1', 'DUSP6', 'PGAM1', 'EPHX1', 'TLE4', 'CSN2', 'G0S2', 'CSN3', 'OXT']","['MEOX2', 'LYPD3', 'INSR', 'HPCAL1', 'DOK1', 'HSPA8', 'CDC5L', 'LMNA', 'YWHAB']","['TRIM41', 'RFWD3', 'CARD8']"
37.0,12.0,3.0,3388.0,0.7551020408163265,0.925,0.8314606741573034,0.8336600635205449,0.6,0.65,0.725,"['LNX1', 'KRT31', 'BHLHE40', 'CDKN1A', 'HCN4', 'GTSE1', 'CKAP4', 'SUGT1', 'CDC25A', 'CAMK2D', 'FZD10', 'SMAD7', 'CALU', 'GNB4', 'THRB', 'SLC27A6', 'MYH7', 'LRIG1', 'ASAH1', 'SCN5A', 'CYTH1', 'TBX5', 'MYPN', 'PHLDA1', 'CFL2', 'GYPC', 'ZPBP2', 'PHLDB2', 'PPP2R3A', 'AOPEP', 'DGKB', 'EDN1', 'AKAP6', 'MYOCD', 'REEP3', 'RPL3L', 'DNAH10']","['CUL3', 'EGFR', 'DAXX', 'ARAF', 'MEOX2', 'PKM', 'CDC5L', 'SOCS2', 'FYN', 'ARMC6', 'SNW1', 'NTAQ1']","['PLD2', 'KIF5A', 'FOSB']"
28.0,2.0,5.0,3405.0,0.9333333333333333,0.8484848484848485,0.888888888888889,0.8888914716574634,0.9333333333333333,0.95,0.8484848484848485,"['SRC', 'COPS5', 'BAG6', 'NME2P1', 'TBXA2R', 'HMOX1', 'INS', 'TBX20', 'CCL2', 'TRIM24', 'PRDX6', 'NRG1', 'PRKAR2B', 'FASN', 'BAMBI', 'EDN1', 'TSPAN11', 'FIP1L1', 'REN', 'TNNT2', 'PEBP1', 'NOX1', 'ACLY', 'CS', 'GHRL', 'DSTN', 'CIDEA', 'GDF15']","['GRB2', 'AKT3']","['DNAJC10', 'AAMP', 'MPND', 'ZNF670', 'TMCO6']"
39.0,10.0,1.0,3390.0,0.7959183673469388,0.975,0.8764044943820225,0.879427548654772,0.8,0.85,0.85,"['ESR1', 'HDAC2', 'PHB', 'YY1', 'YAP1', 'LGALS3', 'KEAP1', 'A1BG', 'RPS19', 'DLG3', 'CDK14', 'IRAK1', 'RXRB', 'STAT1', 'SGO2', 'SREBF2', 'CCNE1', 'MRPL13', 'KPNA6', 'FAM168A', 'FAHD1', 'SNX5', 'LAMC2', 'CPSF1', 'APEX1', 'PTPA', 'IDH3B', 'TXNIP', 'IL1RAP', 'NAXD', 'CAT', 'RRM1', 'ING1', 'E2F7', 'ZEB1', 'FKBP2', 'ZEB2', 'ARFGAP2', 'ABCC11']","['COPS5', 'CAND1', 'PRKAB2', 'HSPB1', 'INSIG1', 'PHF21A', 'CPNE8', 'HNRNPU', 'KIFC2', 'CSNK2A1']",['ABHD17C']
20.0,2.0,3.0,3415.0,0.9090909090909091,0.8695652173913043,0.888888888888889,0.8883800009127026,0.8666666666666667,0.9,0.8695652173913043,"['CUL3', 'TSC1', 'FGF12', 'FGF14', 'GFAP', 'DRD2', 'GABRB3', 'STAMBP', 'ITGB3BP', 'GRM1', 'ANKRD11', 'ERN1', 'ARID1B', 'MEF2C', 'OPRD1', 'ABCB1', 'ASXL3', 'SLC1A3', 'GPX1', 'SLC1A2']","['H2BC21', 'APBB2']","['EAF1', 'ANKRD45', 'NEUROD4']"
25.0,1.0,2.0,3412.0,0.9615384615384616,0.9259259259259259,0.9433962264150944,0.9431274595436349,0.9333333333333333,0.95,0.9629629629629629,"['SNCA', 'AGTRAP', 'OPRM1', 'MAPK1', 'NDE1', 'RHOA', 'RUVBL1', 'SMARCA4', 'CHRM5', 'PDYN', 'HCRT', 'LRRC7', 'TYK2', 'POMC', 'GABRA2', 'GRIN1', 'SRCIN1', 'HOMER2', 'MANEA', 'TENM3', 'SLC6A4', 'GRM5', 'CES1', 'SLC1A2', 'KLHL5']",['KLHL2'],"['SYT13', 'VDAC1']"
24.0,4.0,1.0,3411.0,0.8571428571428571,0.96,0.9056603773584904,0.9064061739508514,0.8666666666666667,0.85,0.84,"['TGM2', 'TFRC', 'GDPD1', 'TGFBR1', 'LOX', 'ABCB4', 'KRT8', 'STAT1', 'TMEM67', 'MMP14', 'ADRA1A', 'CCL2', 'F2R', 'LAMC2', 'SERPINA6', 'FGF2', 'CCN2', 'CYP1A2', 'ATP7B', 'TRPM7', 'CYP27A1', 'RGN', 'COL5A2', 'DHCR7']","['CUL3', 'APP', 'ABLIM1', 'KLHL10']",['CBX5']
56.0,25.0,6.0,3353.0,0.691358024691358,0.9032258064516129,0.7832167832167831,0.7859615914630267,0.6666666666666666,0.65,0.6935483870967742,"['MEOX2', 'ESR1', 'PCNA', 'ALB', 'PLAU', 'ACTB', 'FOS', 'MAPK14', 'CAV1', 'AGT', 'MASP1', 'CMTM5', 'FAM189A2', 'USP15', 'IL2RB', 'RCHY1', 'TIMP1', 'JUNB', 'FOSL2', 'PYCARD', 'PRDX1', 'PPBP', 'SLC3A2', 'MPO', 'NUMB', 'CRP', 'RAD52', 'SGSM2', 'CALML3', 'MAP2K7', 'BIRC5', 'GJB1', 'HMOX1', 'IL24', 'MAF', 'CD274', 'FGF9', 'WNT5A', 'IQSEC1', 'MAP4K4', 'EMX2', 'USP18', 'PDCD4', 'MTHFR', 'IL1B', 'SIDT2', 'CCN2', 'TYMS', 'RARB', 'NOS2', 'IL6', 'ANKRD18A', 'TEP1', 'CCL18', 'IFNG', 'RAMP2']","['COPS5', 'HSP90AB1', 'NEK4', 'NPM1', 'CDC5L', 'VKORC1', 'YWHAB', 'H2BC21', 'GOLGA2', 'HSP90AA1', 'MKI67', 'GSK3B', 'CSNK2A1', 'DKK3', 'CUL5', 'MTUS2', 'SDCBP', 'DUSP19', 'CFTR', 'PER2', 'P2RY6', 'SRC', 'ARRB2', 'SMAD3', 'CLCN6']","['H2BC1', 'DYSF', 'PTPDC1', 'NUDCD1', 'SEC14L1', 'RBP1']"
17.0,1.0,2.0,3420.0,0.9444444444444444,0.8947368421052632,0.918918918918919,0.9188201161677553,0.9333333333333333,0.85,0.8947368421052632,"['VCP', 'MDM2', 'HLA-A', 'FXR2', 'TGFBR2', 'RAF1', 'TNF', 'SPP1', 'HLA-C', 'CCR4', 'SUZ12', 'NTRK3', 'MYBL1', 'GSTP1', 'CD276', 'SLC5A5', 'H3-3A']",['TERF2IP'],"['VASN', 'SYPL1']"
42.0,9.0,4.0,3385.0,0.8235294117647058,0.9130434782608695,0.865979381443299,0.8652513210175898,0.8666666666666667,0.85,0.8478260869565217,"['HTT', 'EGFR', 'KRTAP10-8', 'EEF1G', 'SPRED1', 'HDAC1', 'TGFB1', 'TP53I3', 'CCL11', 'MAPK9', 'MED4', 'AKR1C1', 'VCAN', 'GOT1', 'AFF1', 'RAB19', 'PTGER4', 'DIO2', 'NEFM', 'NRP1', 'PRL', 'CLDN1', 'DICER1', 'NR3C2', 'ABI3BP', 'ITGA2', 'SCGB3A1', 'IGF1', 'TOB1', 'DUSP1', 'HLA-DPB1', 'SULF2', 'MFAP4', 'TAGLN', 'CD226', 'ANKRD1', 'RXFP1', 'IL10', 'ABCC4', 'ABCC9', 'RGS4', 'SLC40A1']","['KIFC3', 'BECN1', 'SNW1', 'LNX1', 'BMF', 'WEE1', 'C2CD5', 'HSPB1', 'UBE2I']","['RPS13', 'BEGAIN', 'MARK3', 'UBXN8']"
17.0,4.0,3.0,3416.0,0.8095238095238095,0.85,0.8292682926829269,0.8284947922372458,0.8,0.8,0.8,"['UBQLN1', 'CCL11', 'FGF14', 'SNTA1', 'GFRA1', 'COPS3', 'TNF', 'SLC8A1', 'RRAS', 'ATP2A2', 'DNAJC3', 'SLC8A3', 'GRM1', 'SLC12A5', 'EPO', 'KCNMA1', 'AQP4']","['CRMP1', 'U2AF1', 'SNTG2', 'PRKCE']","['SSRP1', 'MAP2K2', 'FAM53C']"
22.0,3.0,2.0,3413.0,0.88,0.9166666666666666,0.8979591836734694,0.8974171271105936,0.8666666666666667,0.9,0.875,"['TEX101', 'TFRC', 'PYY', 'P4HB', 'CD33', 'WWOX', 'MICAL1', 'ATP5F1A', 'SYVN1', 'APOC1', 'IGF2R', 'TF', 'ABI3', 'B3GNT3', 'PLCG2', 'RADIL', 'LEP', 'F2', 'HLA-DRB5', 'SOD2', 'CHRNA7', 'HFE']","['CUL3', 'COPS5', 'CRYBA4']","['PCDH11X', 'MRPS23']"
12.0,3.0,2.0,3423.0,0.8,0.8571428571428571,0.8275862068965518,0.8273534615121948,0.8,0.6,0.7857142857142857,"['CDC5L', 'TMEM17', 'PTK2', 'RPS6KA2', 'ITGB5', 'PDGFRA', 'WNK4', 'STK32A', 'ROR1', 'BRSK1', 'MAP3K15', 'MAP3K9']","['ZSCAN5A', 'SRSF1', 'KIAA1328']","['HERC2', 'MAP2K4']"
26.0,5.0,0.0,3409.0,0.8387096774193549,1.0,0.9122807017543859,0.9151400650721334,0.8666666666666667,0.85,0.8846153846153846,"['CFTR', 'MAPK6', 'CDKN1A', 'CYP2A6', 'WWOX', 'ABHD16A', 'CFL1', 'MED4', 'FAT3', 'TPM2', 'VENTX', 'FKBP1A', 'KMT2C', 'TPM1', 'MAD2L1', 'NOTCH2', 'TPI1', 'XRCC1', 'CAPZA1', 'NOTCH3', 'LOXL2', 'SEC61A1', 'GDI2', 'ABCC2', 'TYMP', 'GSTO1']","['TMEM17', 'COMMD2', 'COMMD10', 'APP', 'C11orf87']",[]
38.0,4.0,2.0,3396.0,0.9047619047619048,0.95,0.9268292682926829,0.9262294120571497,0.7333333333333333,0.8,0.9,"['ATXN1', 'UPK1A', 'TUBB3', 'LRRK2', 'CDK15', 'CRYAB', 'POMC', 'KDR', 'NDRG1', 'GPSM3', 'PNKD', 'LMAN2L', 'GGA2', 'ALK', 'BIRC7', 'KRT72', 'ERN1', 'ARID1A', 'TFE3', 'PGK1', 'TAGLN2', 'RIOK2', 'CTSB', 'MITF', 'IL13', 'TRIM65', 'PEBP1', 'ACHE', 'CARD11', 'KRT32', 'GSTM1', 'RYR1', 'CRABP1', 'PVALB', 'OGG1', 'INPP4B', 'UNC5C', 'MERTK']","['MPHOSPH6', 'MATR3', 'MEOX2', 'TMEM17']","['CDK9', 'RPS26']"
24.0,5.0,1.0,3410.0,0.8275862068965517,0.96,0.888888888888889,0.8904998891802202,0.8666666666666667,0.85,0.8,"['SMAD2', 'PEX19', 'RAN', 'CDKN2A', 'MAPK8', 'FTH1', 'SMARCA2', 'IFT88', 'PHB', 'CDH1', 'YIF1A', 'IGFBP1', 'CHN2', 'TPM4', 'SIRPA', 'MAP2K7', 'COG4', 'CAT', 'PTGS2', 'PEBP1', 'ZBTB8OS', 'CCDC134', 'ZBTB20', 'PRICKLE2']","['TMEM14B', 'BEX2', 'KIF22', 'ASCL4', 'HPCA']",['DLG1']
18.0,1.0,2.0,3419.0,0.9473684210526315,0.9,0.9230769230769231,0.9229455995013829,0.9333333333333333,0.9,0.9,"['APP', 'DLG1', 'LAMP2', 'FOS', 'COPS3', 'CCR8', 'CTNNA1', 'TNF', 'RRAS', 'CCR2', 'TTYH1', 'CRH', 'PTGS2', 'CAT', 'CDH2', 'IL1RN', 'KCNMA1', 'ABCC2']",['CUL3'],"['S100B', 'CROT']"
18.0,2.0,4.0,3416.0,0.9,0.8181818181818182,0.8571428571428572,0.8572518644945394,0.8666666666666667,0.9,0.8636363636363636,"['FN1', 'MDFI', 'TP53BP1', 'PRKN', 'IFNA4', 'CD9', 'TACC3', 'MMP9', 'BRD2', 'MDM4', 'BMI1', 'TRMT11', 'EGF', 'SRRT', 'POLK', 'CTNND2', 'DUSP6', 'TNFSF10']","['CBX5', 'RFC4']","['MGMT', 'WWP1', 'LCOR', 'CD274']"
33.0,6.0,5.0,3396.0,0.8461538461538461,0.868421052631579,0.8571428571428572,0.8555999985553229,0.8666666666666667,0.85,0.8421052631578947,"['HTT', 'MYC', 'VCAM1', 'TNIP1', 'VCP', 'JUN', 'CDKN2A', 'CSF3R', 'NFE2L2', 'TNF', 'THAP7', 'ANXA2', 'S1PR2', 'IL2', 'MACIR', 'UGDH', 'CFLAR', 'GJB1', 'CYP2E1', 'DDX54', 'LINGO2', 'IFT88', 'ASNS', 'PHGDH', 'SLC38A9', 'NAT2', 'TRMT11', 'ASH1L', 'CSF2', 'TRIO', 'GRIK2', 'SNX10', 'TMEM132D']","['COPS5', 'FAM9B', 'PDIA4', 'SHMT2', 'HSPB1', 'VEZT']","['SPATA21', 'BCL6', 'HLA-A', 'SPECC1', 'DYNC1LI2']"
28.0,1.0,1.0,3410.0,0.9655172413793104,0.9655172413793104,0.9655172413793104,0.9652240722207058,0.9333333333333333,0.95,0.9655172413793104,"['UBQLN2', 'CCL21', 'NPM1', 'SGTA', 'CXCL9', 'DDX31', 'NEDD4', 'MMP2', 'RAF1', 'PYCARD', 'SLC9A3R1', 'SF3B1', 'YIF1B', 'F9', 'E2F2', 'LTA', 'HGF', 'MTMR4', 'RYR2', 'OSMR', 'FCN2', 'IGF2BP3', 'CCL23', 'ENOX2', 'MSLN', 'SLC22A5', 'SEMA4F', 'FGD6']",['PRKACG'],['KRTAP9-3']
25.0,3.0,1.0,3411.0,0.8928571428571429,0.9615384615384616,0.9259259259259259,0.9259861477210735,0.8666666666666667,0.9,0.8846153846153846,"['APP', 'MYC', 'HSPA5', 'BRCA1', 'GOPC', 'CTNNB1', 'KRAS', 'VHL', 'STAT3', 'DAXX', 'CDKN2A', 'PTEN', 'PTCH1', 'TP63', 'CNR1', 'PALB2', 'EFEMP1', 'CCL20', 'IL24', 'PALLD', 'ATRX', 'CLPTM1', 'MSLN', 'SLC29A1', 'AXL']","['CUL3', 'TUBA4A', 'FTSJ3']",['EEF1G']
35.0,7.0,5.0,3393.0,0.8333333333333334,0.875,0.8536585365853658,0.8521540282038501,0.7333333333333333,0.75,0.825,"['LMNA', 'ZDHHC17', 'BARD1', 'MECP2', 'LGALS3', 'SIN3A', 'IRF6', 'POU5F1', 'PTGES3', 'CSNK1A1', 'FGFR2', 'ASIC4', 'LRP2', 'PBX1', 'COL2A1', 'PTPRS', 'BNC2', 'CASP3', 'RAD23B', 'TRIM37', 'PDGFRA', 'DLX5', 'RAB39B', 'ERCC6', 'TBCE', 'ITGB1BP1', 'NRXN1', 'SURF1', 'LETM1', 'RGS16', 'RCAN1', 'JAG2', 'NIPBL', 'GSC', 'DLX1']","['APP', 'GRB2', 'TP53', 'MEOX2', 'VCAM1', 'SNW1', 'TTF2']","['DLX6', 'TCF7L2', 'RPL3', 'GPR25', 'TMEM65']"
18.0,4.0,2.0,3416.0,0.8181818181818182,0.9,0.8571428571428572,0.8572518644945394,0.7333333333333333,0.8,0.8,"['LAMP2', 'SRC', 'SSTR3', 'GFRA1', 'CCR8', 'CTNNA1', 'SSTR5', 'CASP1', 'EIF2AK3', 'JUND', 'GRIA1', 'DNAJC3', 'CCR3', 'CHL1', 'SLC12A5', 'CCR7', 'CCL3', 'PDXK']","['OPTN', 'NGFR', 'DHX9', 'NAT14']","['MPPE1', 'VSIR']"
17.0,3.0,2.0,3418.0,0.85,0.8947368421052632,0.8717948717948718,0.8713542302734862,0.8666666666666667,0.85,0.8421052631578947,"['EP300', 'YY1', 'EEF1G', 'ESR2', 'HOXA11', 'AKR1C3', 'TRAF4', 'MAX', 'CCL2', 'CHD4', 'GDF10', 'NRIP1', 'CUX1', 'MSH3', 'HOXA10', 'SEMA3B', 'PMS1']","['FOS', 'DDX3X', 'ESRRA']","['ANXA2', 'BRMS1']"
22.0,2.0,2.0,3414.0,0.9166666666666666,0.9166666666666666,0.9166666666666666,0.9160811865729899,0.9333333333333333,0.9,0.9166666666666666,"['NCOA3', 'BAG6', 'NPY1R', 'RIN3', 'GAPDHS', 'PTPN11', 'MAPT', 'PGRMC1', 'WWOX', 'PPARG', 'IGF1R', 'MPO', 'VEGFA', 'CD2AP', 'C9', 'BAX', 'IGF2', 'PLCG2', 'CASS4', 'INPP5D', 'SLC2A4', 'IL1B']","['MFSD5', 'CEP104']","['HADHB', 'TIMM17B']"
37.0,7.0,6.0,3390.0,0.8409090909090909,0.8604651162790697,0.8505747126436781,0.8487187464851179,0.8,0.8,0.8372093023255814,"['WFS1', 'CALM1', 'AR', 'DNAJC12', 'WLS', 'DISC1', 'LRP8', 'NR3C1', 'HTR3A', 'GABRB2', 'ADIPOQ', 'NTSR1', 'NTRK3', 'HTR1A', 'DNMT1', 'S100B', 'GLUL', 'SERTAD1', 'ANKMY2', 'PROK2', 'TTC3', 'GRIN2A', 'HTR6', 'SP110', 'GPR50', 'SLC5A7', 'PDYN', 'NPY', 'SMS', 'PFKFB3', 'GAD1', 'IL9R', 'KCTD12', 'P2RX7', 'SLC12A5', 'PROKR2', 'SLC1A2']","['CUL3', 'TRIM55', 'HSCB', 'VAMP3', 'IDE', 'YWHAZ', 'ZBTB43']","['SST', 'HNRNPD', 'CALM2', 'DIPK1A', 'CELSR2', 'ZNF691']"
21.0,3.0,3.0,3413.0,0.875,0.875,0.875,0.8741217798594848,0.9333333333333333,0.9,0.875,"['PSEN1', 'SPRED1', 'PYY', 'PGRMC1', 'HLA-DRB1', 'C5AR2', 'CD33', 'WWOX', 'MICAL1', 'PRNP', 'SLC30A6', 'PIP4P2', 'TF', 'C9', 'MS4A4A', 'PHGDH', 'PICALM', 'ZNF684', 'ACHE', 'ABCA7', 'CYP46A1']","['HTT', 'C8orf33', 'GRB2']","['TPTE', 'EGFL7', 'CST2']"
18.0,3.0,2.0,3417.0,0.8571428571428571,0.9,0.8780487804878048,0.8775823238475821,0.8666666666666667,0.9,0.9,"['CAV1', 'PTGER3', 'WWOX', 'SERPINA3', 'CXCL14', 'FA2H', 'PRDX1', 'TPM1', 'ALDH2', 'DCC', 'UCHL1', 'TRMT11', 'MAP3K3', 'MARCHF8', 'SMYD2', 'ABCB1', 'RUNX3', 'MACIR']","['CD79B', 'EXOSC10', 'HTT']","['FH', 'GPN1']"
17.0,1.0,2.0,3420.0,0.9444444444444444,0.8947368421052632,0.918918918918919,0.9188201161677553,0.9333333333333333,0.85,0.8947368421052632,"['TP53', 'RTN4', 'PTPN11', 'MX1', 'RAF1', 'SORL1', 'HID1', 'SPP1', 'BRAF', 'TOP2A', 'XRCC1', 'IDH1', 'PPM1D', 'CAT', 'DMXL1', 'SLC5A5', 'PHLDB1']",['COPS7B'],"['KRTAP9-3', 'SLC22A1']"
36.0,10.0,3.0,3391.0,0.782608695652174,0.9230769230769231,0.8470588235294118,0.8481117808141504,0.8,0.85,0.7948717948717948,"['H2BC21', 'LMO2', 'GABRA3', 'PPP1CA', 'CTNNB1', 'LAMP2', 'ATN1', 'LTB4R2', 'NOTCH2', 'OPRM1', 'GNB1', 'KLK5', 'ASGR1', 'DHPS', 'PIBF1', 'SMYD3', 'MAP2K1', 'CDK8', 'TRIM8', 'VAMP2', 'KARS1', 'CIC', 'CSDE1', 'SPART', 'AGO1', 'IQSEC1', 'COL4A1', 'HK1', 'MAB21L1', 'TKFC', 'TET3', 'ZNF142', 'PIGB', 'ZNF335', 'PHACTR1', 'GLRA1']","['COPS5', 'MYC', 'ESR1', 'CAND1', 'HSP90AB1', 'CUL1', 'YWHAB', 'ATXN1', 'FGD5', 'BRCA1']","['BRAF', 'IFT57', 'ARHGAP21']"
28.0,2.0,4.0,3406.0,0.9333333333333333,0.875,0.9032258064516129,0.9028251388102224,0.9333333333333333,0.95,0.875,"['APP', 'HTT', 'GPR35', 'GHSR', 'PTGER3', 'NR3C1', 'GABARAP', 'CHRNB2', 'MECP2', 'GALR1', 'NPY2R', 'BDNF', 'PENK', 'SMURF1', 'B4GALT5', 'SNAP25', 'MIEF1', 'MC4R', 'CLOCK', 'CPSF7', 'GAD2', 'SCARB1', 'GPHN', 'GRIN1', 'FGF2', 'GPSM1', 'CCKBR', 'MAOA']","['UBQLN1', 'RFPL4B']","['JPH1', 'XPO7', 'VWA5A', 'RNPC3']"
24.0,1.0,0.0,3415.0,0.96,1.0,0.9795918367346939,0.9796524738676645,0.9333333333333333,0.95,0.9583333333333334,"['TEX101', 'TFRC', 'KRT31', 'A2M', 'GAPDHS', 'PTPN11', 'ENO1', 'PRNP', 'PGRMC1', 'IGF1R', 'PSEN2', 'NCSTN', 'BCL2', 'SLC30A6', 'ARC', 'APOC1', 'BACE1', 'IGF2R', 'IGF2', 'TFAM', 'DHCR24', 'SLC2A4', 'CYP46A1', 'CST3']",['UBR1'],[]
21.0,3.0,3.0,3413.0,0.875,0.875,0.875,0.8741217798594848,0.8,0.85,0.875,"['TEX101', 'VLDLR', 'TNF', 'INSR', 'WWOX', 'CLU', 'NOS3', 'HMOX1', 'B3GNT3', 'TFAM', 'BCHE', 'VSNL1', 'RADIL', 'ADAMTS1', 'HLA-DRB5', 'SOD2', 'EIF2S1', 'TREM2', 'SLC2A4', 'TPP1', 'IL1B']","['SNCA', 'CHEK2', 'MAP1LC3B']","['CHP1', 'RBMY1J', 'TP53TG5']"
20.0,1.0,3.0,3416.0,0.9523809523809523,0.8695652173913043,0.909090909090909,0.9094591187225464,1.0,0.95,0.8695652173913043,"['CUL3', 'CAV1', 'GABRB3', 'GNAO1', 'PDGFRL', 'VDAC2', 'WDFY3', 'GRM1', 'DYRK1A', 'RAB39B', 'ANKRD11', 'BDNF', 'FOXG1', 'DPF2', 'STX1B', 'SCN1A', 'ADRA2A', 'SLC12A5', 'ASXL3', 'SLC4A10']",['JARID2'],"['PRKDC', 'SON', 'DNAH1']"
18.0,1.0,2.0,3419.0,0.9473684210526315,0.9,0.9230769230769231,0.9229455995013829,1.0,0.9,0.9,"['COPS5', 'UBQLN1', 'LAMP2', 'RET', 'HTR2A', 'GFRA1', 'CCR8', 'S100A9', 'SLC16A2', 'JUNB', 'RRAS', 'THY1', 'DNAJC3', 'KCNK5', 'EIF2S1', 'SLC12A5', 'PTGS2', 'GRM5']",['JPT1'],"['MTCH2', 'MTMR1']"
18.0,1.0,2.0,3419.0,0.9473684210526315,0.9,0.9230769230769231,0.9229455995013829,0.9333333333333333,0.9,0.9,"['COPS5', 'DLG1', 'UBQLN1', 'CCL11', 'CREB3', 'CMTM5', 'CCR4', 'FOS', 'S100A9', 'EIF2AK2', 'RRAS', 'JUNB', 'CCR2', 'EIF2S1', 'GRM1', 'CCR7', 'CCL3', 'PDXK']",['RASSF5'],"['IKBKE', 'KCNJ2']"
18.0,1.0,2.0,3419.0,0.9473684210526315,0.9,0.9230769230769231,0.9229455995013829,0.9333333333333333,0.9,0.9,"['APP', 'ALB', 'FGF14', 'FOS', 'CSGALNACT2', 'NTRK3', 'EIF2AK3', 'SLC16A2', 'SSTR2', 'TNF', 'THY1', 'GRIA1', 'CD40', 'CCR3', 'EIF2S1', 'IL1RN', 'ABCC2', 'PDXK']",['CUL3'],"['KRT18', 'SPATA12']"
62.0,31.0,12.0,3335.0,0.6666666666666666,0.8378378378378378,0.7425149700598802,0.7412474946760162,0.6666666666666666,0.6,0.6216216216216216,"['HSPA5', 'IKBKG', 'CDC37', 'NRAS', 'GSN', 'PLEC', 'HLA-A', 'SHC1', 'CYP2C9', 'PARK7', 'DDA1', 'MAP3K5', 'RDH13', 'GK', 'BPNT1', 'NME2', 'SGF29', 'CCR2', 'ADIPOQ', 'DHRS7', 'CXCL10', 'DBT', 'MST1R', 'COL14A1', 'GANAB', 'DMD', 'NR5A2', 'PRKCD', 'ATG5', 'MMP9', 'ERN1', 'SNX18', 'TGFBR1', 'PLG', 'PANX1', 'ANXA6', 'MDH1', 'F3', 'JUND', 'ITPR1', 'ALDOB', 'GSTM1', 'MTHFR', 'MCCC1', 'SERPING1', 'CYP2C19', 'IL11', 'FMO3', 'ACOX3', 'ADAM8', 'GDA', 'PAH', 'PCYT1B', 'ACSL1', 'BDH1', 'MTPN', 'BTD', 'AMBP', 'GSTO1', 'IL1A', 'ABCC2', 'GPT']","['MEOX2', 'CAND1', 'CDC5L', 'UBQLN1', 'ERBB2', 'HNRNPC', 'GOLGA2', 'CUL5', 'TRAF2', 'CCL22', 'UBC', 'IPPK', 'RPL3', 'CUL2', 'TTC23', 'GRN', 'MDFI', 'PICK1', 'STING1', 'SDCBP', 'AQP6', 'TAP1', 'LAMP2', 'HRAS', 'KRT40', 'TRIM63', 'CFHR5', 'COPS6', 'PPP6R3', 'TLE5', 'PPP1CA']","['CA3', 'SPIN2A', 'GRK4', 'H1-2', 'NDRG1', 'IGHA1', 'KIAA0319L', 'CARD8', 'PALMD', 'CCNB1IP1', 'MON2', 'GRIK5']"
32.0,5.0,1.0,3402.0,0.8648648648648649,0.9696969696969697,0.9142857142857143,0.9149333688374282,0.8666666666666667,0.85,0.8787878787878788,"['HSPD1', 'MAPK1', 'PRKAA2', 'ACTC1', 'TNNI3', 'BRAF', 'PDLIM3', 'TNF', 'PLN', 'ITGB1', 'DMD', 'MYPN', 'DSP', 'DSG2', 'AQP2', 'ACSM5', 'ATF3', 'LPL', 'SOD2', 'PPARD', 'GRK2', 'NDUFS2', 'TMEM43', 'PRKAG2', 'AVPR2', 'SCN5A', 'ADCYAP1', 'POMC', 'IL6', 'LDB3', 'SLC22A5', 'EPO']","['CUL3', 'PCNA', 'GYS1', 'VCAM1', 'CCDC124']",['LANCL2']
12.0,1.0,3.0,3424.0,0.9230769230769231,0.8,0.8571428571428571,0.8587735216937585,0.9333333333333333,0.7,0.9333333333333333,"['CCL11', 'TNFAIP6', 'CCL2', 'CASP1', 'CCL20', 'CXCL1', 'RNF4', 'SMO', 'TSPAN7', 'HMOX1', 'AHR', 'MYLK']",['MED19'],"['TNFRSF1B', 'ABCF1', 'CD69']"
15.0,2.0,2.0,3421.0,0.8823529411764706,0.8823529411764706,0.8823529411764706,0.8817686583835989,0.8666666666666667,0.75,0.8823529411764706,"['TP53', 'IL22RA1', 'DYNLL1', 'CCL11', 'CCR4', 'PLAT', 'BCL2L11', 'ICAM1', 'CEBPB', 'IL18', 'COL18A1', 'MTHFR', 'NOS2', 'IL1RN', 'IL1A']","['WWC1', 'NUDT19']","['HNRNPAB', 'DRG1']"
39.0,11.0,3.0,3387.0,0.78,0.9285714285714286,0.8478260869565217,0.8490829286479764,0.7333333333333333,0.7,0.7619047619047619,"['ASF1A', 'HSPB1', 'RANBP9', 'ESR1', 'ADK', 'SRD5A3', 'DISC1', 'SMAD1', 'SHANK3', 'FGF14', 'LTB4R2', 'COX4I1', 'PAX6', 'BBS7', 'IER2', 'FOXG1', 'RAB39B', 'CALCA', 'KBTBD4', 'ALDOB', 'TSEN54', 'FRY', 'VIP', 'MED13L', 'EEF1B2', 'TSEN34', 'PECR', 'TRMT1', 'RABL6', 'PRKCG', 'POLR3B', 'ZCCHC8', 'SURF1', 'UROC1', 'PHIP', 'H4C2', 'NTF4', 'CAPN10', 'CACNA1G']","['ANXA5', 'SMAD2', 'MYC', 'VCAM1', 'SNW1', 'YWHAB', 'YWHAH', 'MVP', 'SNRNP40', 'ITGA7', 'PCNA']","['GNG2', 'EMP3', 'ELF5']"
30.0,9.0,4.0,3397.0,0.7692307692307693,0.8823529411764706,0.8219178082191781,0.8219889112801666,0.8,0.85,0.7941176470588235,"['MYC', 'IKBKG', 'CSNK2A1', 'OLFM4', 'PPP1CC', 'MLH1', 'LTB4R2', 'CLU', 'XIAP', 'CCND2', 'BRCA2', 'MTOR', 'HOXD9', 'PIK3CA', 'CDKN1B', 'SPART', 'ATF3', 'WDR77', 'GADD45A', 'CXCL8', 'SPDEF', 'FASN', 'ITGA8', 'OSBP', 'SOD2', 'PRC1', 'TRMT11', 'ALOX12B', 'ZEB1', 'SLC5A5']","['CUL3', 'GRB2', 'COPS5', 'HSP90AB1', 'ATXN10', 'SNW1', 'MNS1', 'ZNF277', 'PRUNE2']","['CCP110', 'S100A5', 'BRWD1', 'ESRRB']"
15.0,0.0,2.0,3423.0,1.0,0.8823529411764706,0.9375,0.9390621377646331,1.0,0.75,0.8823529411764706,"['HSPA5', 'SORT1', 'AQP6', 'KCNJ11', 'FCGR1A', 'LEPR', 'PTPN1', 'PPARG', 'PRKAA2', 'NR4A1', 'CCL2', 'IRS1', 'TRIB3', 'GNAS', 'LEP']",[],"['NEDD4', 'NR5A2']"
32.0,13.0,8.0,3387.0,0.7111111111111111,0.8,0.7529411764705882,0.751194927595968,0.6,0.65,0.725,"['NEK4', 'SMCP', 'SGTB', 'LAMTOR5', 'EZR', 'MFSD14B', 'CEP55', 'RC3H2', 'PCDHB11', 'BLOC1S1', 'PTGER3', 'TOP2A', 'CAMK2D', 'BCL2', 'NRG1', 'GAB1', 'RP2', 'TTK', 'C7orf50', 'S100P', 'TMF1', 'HOOK3', 'GP1BB', 'SRSF10', 'LSM5', 'THAP3', 'RASL10B', 'CYP19A1', 'DACT3', 'IL34', 'LHB', 'SRD5A1']","['CUL3', 'MYC', 'COPS5', 'MEOX2', 'ATXN1', 'VCAM1', 'POC5', 'WFS1', 'KRTAP4-1', 'LNX1', 'CYSRT1', 'MDFI', 'ESRRB']","['NEFL', 'RUNX1T1', 'MPP1', 'SRA1', 'REXO4', 'BBS10', 'FRAT2', 'ELK4']"
34.0,7.0,1.0,3398.0,0.8292682926829268,0.9714285714285714,0.8947368421052632,0.8964289762013098,0.8666666666666667,0.85,0.8571428571428571,"['CSNK2A1', 'CTNNB1', 'MKI67', 'PRKN', 'SMARCA4', 'MAPK1', 'SKP2', 'CLU', 'ALOX5', 'CDKN1B', 'CAVIN2', 'MSH6', 'ATF3', 'MRE11', 'FAM107A', 'BRIP1', 'CXCL8', 'IL11RA', 'URI1', 'MACIR', 'OSBP', 'ATG7', 'HAUS6', 'SOD2', 'NR5A1', 'TYMS', 'TRMT11', 'PMS1', 'RNF43', 'EDNRA', 'MSLN', 'OPCML', 'SLC5A5', 'SULF1']","['COPS5', 'HSP90AB1', 'SNW1', 'PCNA', 'FIBP', 'CDC5L', 'DCUN1D2']",['USH2A']
11.0,2.0,3.0,3424.0,0.8461538461538461,0.7857142857142857,0.8148148148148148,0.8146495568075574,0.8666666666666667,0.65,0.8571428571428571,"['SDCBP', 'EGFR', 'YAP1', 'PTEN', 'CASP8', 'CCNE1', 'TWIST1', 'MAPK15', 'WEE1', 'ATP7B', 'HOXA5']","['KRTAP5-9', 'PSMD4']","['KISS1', 'MERTK', 'KRTAP10-3']"
33.0,7.0,1.0,3399.0,0.825,0.9705882352941176,0.8918918918918919,0.8937308846471067,0.7333333333333333,0.75,0.8235294117647058,"['UBQLN1', 'FN1', 'NR3C2', 'UBE2I', 'KRT31', 'RGS2', 'RB1', 'TMEM237', 'RPS14', 'ENO1', 'MATN3', 'RPL3', 'GPX3', 'GATM', 'DES', 'CCNH', 'ANXA1', 'SNCG', 'SRSF2', 'SUGP2', 'PTBP1', 'LIN7A', 'KRT5', 'COL5A1', 'PEBP1', 'GATA3', 'NSMF', 'HBA1', 'RBP4', 'SLC25A10', 'ID4', 'TGFA', 'PTGER1']","['CUL3', 'VCAM1', 'ITGB1', 'APOD', 'SLC22A18', 'RHOH', 'ATXN1']",['MUC1']
69.0,32.0,4.0,3335.0,0.6831683168316832,0.9452054794520548,0.7931034482758621,0.7988245502667612,0.6,0.65,0.6986301369863014,"['UBQLN2', 'TEX101', 'TCTN3', 'UNC93B1', 'ACTB', 'BECN1', 'GSN', 'HLA-A', 'ATM', 'HERC3', 'TCTN1', 'TUBA1A', 'CYP2C9', 'TNF', 'MAP3K5', 'IMMT', 'ASPSCR1', 'ANXA2', 'ARNT', 'ABI1', 'APOB', 'BPNT1', 'REEP5', 'CRP', 'ACTR3', 'PDK2', 'FOXP3', 'GANAB', 'DNAJC12', 'FLT1', 'FGA', 'HMOX1', 'DLAT', 'BAX', 'GSTM2', 'ATG13', 'SRP72', 'C2orf50', 'GSTP1', 'SNX18', 'SOD2', 'SENP2', 'PTF1A', 'DCLRE1C', 'CFAP20', 'HELZ', 'ITPR1', 'JUND', 'PRSS2', 'CCDC27', 'UGT1A9', 'USP5', 'CYP3A4', 'SERPING1', 'GPD1', 'FMO3', 'GC', 'VWF', 'PNRC1', 'SULT1C3', 'CELA1', 'HLA-DRB5', 'TMED7', 'CCDC80', 'PTGS2', 'SLC10A7', 'ABCC2', 'SOD3', 'SPIN2A']","['HTT', 'FN1', 'PCNA', 'NEK4', 'SNW1', 'UBQLN1', 'LNX1', 'UBC', 'TRAF2', 'TCTN2', 'CSNK2A1', 'BRAF', 'AKT1', 'KRTAP10-8', 'MYH9', 'PDHA1', 'COPS6', 'LRRK2', 'CORO1C', 'BOLL', 'FLNA', 'KRAS', 'ATP1B4', 'SMAD3', 'A2M', 'EEF1A1', 'MRPL58', 'PPP1CA', 'DMWD', 'SLAMF6', 'ERGIC3', 'SMAD2']","['NOP56', 'PWP1', 'OSMR', 'FAHD2A']"
33.0,5.0,3.0,3399.0,0.868421052631579,0.9166666666666666,0.8918918918918918,0.8910499367315465,0.8666666666666667,0.9,0.8888888888888888,"['NEK4', 'PYCARD', 'UPK1A', 'APC', 'VHL', 'APLNR', 'RELA', 'BAG3', 'MAP3K5', 'NF2', 'RPL14', 'KRT8', 'IL6R', 'BIRC5', 'AHNAK', 'ALAD', 'MSGN1', 'CASP2', 'TOX4', 'MANF', 'ALK', 'TTL', 'CUL7', 'L1CAM', 'ACY1', 'SYNE2', 'FLCN', 'ALOX12B', 'GSTM1', 'TNFSF10', 'ZNF765', 'INPP4B', 'UNC5C']","['COPS5', 'ATXN1', 'FZD4', 'MED13L', 'CDC5L']","['ARMC8', 'NVL', 'HERC4']"
33.0,7.0,3.0,3397.0,0.825,0.9166666666666666,0.8684210526315789,0.8681857275116295,0.7333333333333333,0.8,0.8611111111111112,"['APC', 'NF2', 'PTEN', 'M6PR', 'ELOC', 'CNN2', 'GRB7', 'YIPF3', 'IL6R', 'AP5M1', 'CASP9', 'CASP2', 'ALOX5', 'TOX4', 'HNF1A', 'CUL7', 'EPAS1', 'KDM5C', 'CTSD', 'ADIPOQ', 'TAGLN2', 'CTSB', 'SYNE2', 'ALOX12B', 'TET2', 'PDXDC1', 'PEBP1', 'GSTM1', 'AKAP13', 'CRABP1', 'ZNF536', 'FAM111B', 'NAV3']","['HSP90AB1', 'YWHAG', 'FN1', 'RBMX', 'SNW1', 'CDC5L', 'MRC1']","['PPP1R21', 'C11orf1', 'NEU4']"
32.0,8.0,4.0,3396.0,0.8,0.8888888888888888,0.8421052631578948,0.8415390563603089,0.7333333333333333,0.75,0.8055555555555556,"['ERBB2', 'PYCARD', 'HSPA5', 'UPK1A', 'SREBF1', 'TSC1', 'VHL', 'HSPD1', 'SGTB', 'APLNR', 'AURKA', 'ZER1', 'MET', 'PAK1', 'DCAF4', 'TGM2', 'IL6R', 'AHNAK', 'ALAD', 'SPTBN4', 'PIDD1', 'APAF1', 'KDM5C', 'FMN2', 'PTPRN2', 'FLCN', 'ALDH1A1', 'PTGS2', 'ANXA4', 'INPP4B', 'SLC49A4', 'ZNF804A']","['CUL3', 'HTT', 'HSCB', 'COPS5', 'FN1', 'TJP1', 'MEOX2', 'CUL1']","['KPRP', 'NDN', 'AMBP', 'ZBED8']"
54.0,28.0,8.0,3350.0,0.6585365853658537,0.8709677419354839,0.75,0.7523631700440637,0.8,0.75,0.6612903225806451,"['HSPA5', 'MDFI', 'STUB1', 'HSP90AA1', 'DRD2', 'IFNA21', 'VHL', 'FGFR1', 'ERBB3', 'GFAP', 'CMTM5', 'IFNGR1', 'NR4A1', 'BDNF', 'DGUOK', 'NDUFV2', 'PRKCZ', 'PSEN2', 'CXCL10', 'GALR1', 'CENPB', 'CRP', 'CCND1', 'DLG3', 'KPNA3', 'TYK2', 'DLG2', 'TH', 'RAPGEF5', 'PRKCB', 'SRRT', 'AKAP8', 'GDNF', 'ATP7B', 'GRIA2', 'ABI3BP', 'PPIC', 'USP46', 'APAF1', 'MDH1', 'REST', 'LHPP', 'MAP2', 'IL24', 'HPSE', 'SLC6A4', 'CTNND2', 'PFKFB3', 'MORC1', 'ENPEP', 'MYT1L', 'GMIP', 'TEF', 'SLIT3']","['HSCB', 'YWHAG', 'CDC5L', 'SNW1', 'YWHAB', 'CDC37', 'PPP2CB', 'UBE2E1', 'RAD23A', 'RPN1', 'GAS8', 'UBE2I', 'MKI67', 'RPAP3', 'PELO', 'NTAQ1', 'PITX2', 'H1-5', 'FGFR3', 'PPP1CA', 'SF3B6', 'XRCC6', 'NOTCH2NLA', 'DLST', 'SOD1', 'CREBBP', 'YWHAE', 'KIF1B']","['SST', 'GRPR', 'TOMM22', 'SPTLC1', 'CST4', 'NSUN4', 'GCNT1', 'CTSH']"
34.0,9.0,2.0,3395.0,0.7906976744186046,0.9444444444444444,0.8607594936708861,0.8626267863470456,0.8,0.85,0.8333333333333334,"['NEK4', 'TMEM17', 'UPK1A', 'SGTB', 'BAG3', 'KEAP1', 'SOX2', 'NF2', 'PAK1', 'POMC', 'SLC2A1', 'NDRG1', 'TGM2', 'LMAN2L', 'CBLB', 'ALAD', 'MSGN1', 'TAFA1', 'FLT1', 'BCHE', 'HNF1A', 'TTL', 'KDM5C', 'TFE3', 'FMN2', 'PTPRN2', 'L1CAM', 'IL13', 'ACHE', 'PDXDC1', 'PEBP1', 'OGG1', 'BTG3', 'ZNF536']","['COPS5', 'SH3GL2', 'TLE1', 'MRC2', 'BRME1', 'COPB2', 'SNW1', 'ZNF358', 'ZNF134']","['POLRMT', 'RPUSD3']"
20.0,5.0,3.0,3412.0,0.8,0.8695652173913043,0.8333333333333333,0.8328979220492027,0.7333333333333333,0.75,0.782608695652174,"['HSP90AB1', 'HRAS', 'MLH1', 'ARAF', 'PRKCZ', 'BRAF', 'IRF2', 'RET', 'AXIN1', 'DLC1', 'NTRK1', 'PMS2', 'PKN1', 'BAX', 'ROR1', 'CDC42BPB', 'POLE', 'CAMKK2', 'CDK12', 'PHKG1']","['H3C12', 'MYC', 'CUL3', 'GRAP2', 'FKBP7']","['RAB5C', 'ZNF414', 'ATP2A2']"
20.0,1.0,4.0,3415.0,0.9523809523809523,0.8333333333333334,0.888888888888889,0.8901670585635171,0.9333333333333333,0.95,0.875,"['HSCB', 'KRTAP10-3', 'AKT1', 'MKRN3', 'SOX30', 'SRF', 'PRKAA2', 'PRKCB', 'OAT', 'ATP2A2', 'GRK2', 'HMOX1', 'PLD1', 'IGF1', 'MT2A', 'EDN1', 'AKAP5', 'POMC', 'SIRT4', 'SLC2A4']",['WIZ'],"['CTF1', 'SUN2', 'KCNAB2', 'DNHD1']"
18.0,2.0,1.0,3419.0,0.9,0.9473684210526315,0.9230769230769231,0.9229455995013829,0.9333333333333333,0.9,0.8947368421052632,"['TNFAIP6', 'COPS5', 'IFNGR1', 'ALB', 'CASP1', 'TGFB1', 'TAC1', 'CD40LG', 'IL13', 'HNRNPAB', 'IL5RA', 'MTHFR', 'CYP1A1', 'HP', 'CCR9', 'UTP20', 'HLA-DRB4', 'TNFRSF1B']","['CCL5', 'CCL21']",['TMTC1']
21.0,2.0,4.0,3413.0,0.9130434782608695,0.84,0.8749999999999999,0.8748938011528927,0.8666666666666667,0.9,0.88,"['GRB2', 'YWHAZ', 'DRD2', 'SYNCRIP', 'GABRB2', 'TCF7L2', 'ANKRD11', 'PAK1', 'FOXP1', 'TRIP12', 'PAX5', 'PTK7', 'MEF2C', 'SETD5', 'CERT1', 'KCNH1', 'KMT2E', 'SYNGAP1', 'RIMS1', 'SLC6A1', 'ASXL3']","['ESR1', 'MEOX2']","['BRSK2', 'KAT2B', 'PPFIBP1', 'SLC4A1AP']"
13.0,4.0,4.0,3419.0,0.7647058823529411,0.7647058823529411,0.7647058823529412,0.7635373167671977,0.8666666666666667,0.7,0.7647058823529411,"['UBQLN1', 'CALM1', 'SOD1', 'CCL2', 'ICAM1', 'HP', 'CCL4', 'LPA', 'ALOX15', 'AHR', 'NR1H4', 'TRPV1', 'PLA2G2A']","['SUN2', 'SPRED2', 'SOD3', 'OARD1']","['TP53', 'CDKN1A', 'VDAC3', 'PARP9']"
24.0,2.0,0.0,3414.0,0.9230769230769231,1.0,0.9600000000000001,0.9604876261116169,1.0,1.0,0.9583333333333334,"['GRB2', 'TP53', 'CDK15', 'ATP5F1B', 'SIRT1', 'AKR1C1', 'IL6ST', 'B2M', 'UGT1A9', 'PCDHB5', 'KNG1', 'AHSG', 'ATG7', 'IFNA2', 'LRP2', 'MPO', 'GSTP1', 'VEGFA', 'GFER', 'HEXB', 'GC', 'RAPGEF3', 'SLC22A12', 'EPHX2']","['CSF2', 'TNP1']",[]
26.0,6.0,3.0,3405.0,0.8125,0.896551724137931,0.8524590163934426,0.8521921183486173,0.8,0.8,0.7931034482758621,"['HTT', 'HSCB', 'DAXX', 'PSMC3', 'YWHAZ', 'PML', 'DUSP6', 'CCL2', 'TERT', 'IFNA2', 'BRD2', 'PINK1', 'TES', 'WT1', 'JAG1', 'NUDT12', 'HEY1', 'PRKCB', 'CYTH3', 'CSTB', 'TNFSF10', 'MACIR', 'PRKD3', 'GRIK2', 'IDH2', 'INSRR']","['STAT3', 'HSP90AB1', 'MECP2', 'PPP1R21', 'GRB2', 'FH']","['SYCE3', 'AHSA1', 'NSFL1C']"
64.0,35.0,8.0,3333.0,0.6464646464646465,0.8888888888888888,0.7485380116959064,0.7522058729450264,0.7333333333333333,0.75,0.6388888888888888,"['TP53', 'HSPB1', 'MKI67', 'FYN', 'EEF1A1', 'RPS6', 'ALB', 'APC', 'SMAD4', 'RPL18', 'CCT7', 'CAV1', 'UBAC1', 'DLG4', 'TFAP2C', 'MUC1', 'BMP7', 'RAD23A', 'PIK3CA', 'UPF3A', 'PRKAA1', 'TBL3', 'IGF1', 'PYCARD', 'FSD1', 'BAP1', 'IGFBP3', 'NMNAT1', 'APEX1', 'FBP1', 'XRCC1', 'ECM1', 'PRKCB', 'DNMT3B', 'MARCHF6', 'FGG', 'CST7', 'GMPR2', 'PRDX5', 'IRF1', 'HTR1A', 'PTPA', 'ITGA8', 'FADS1', 'IL6', 'ABT1', 'RBP4', 'AGTR2', 'CDH2', 'PGAM1', 'NBAS', 'RNF43', 'TNFRSF9', 'ADRB1', 'URM1', 'PTOV1', 'ZNF177', 'IL1RN', 'ID4', 'SPRR2A', 'REG4', 'DPYD', 'HBEGF', 'ACE']","['LMNA', 'UBE2I', 'LNX1', 'MAPK6', 'HDAC1', 'CDC37', 'MAX', 'AKT1', 'KRTAP10-8', 'CUL2', 'CUL5', 'PIK3R1', 'OTX2', 'VIM', 'SOD1', 'METTL14', 'DLD', 'KRT31', 'HSPA5', 'AGR2', 'TP53BP1', 'SNCA', 'GSK3B', 'PPP1CC', 'RNF6', 'KIF1B', 'ABL1', 'SMAD2', 'KANK4', 'STAU1', 'CWF19L1', 'ERBB3', 'PPP1CA', 'MLH1', 'MAPT']","['RPL23', 'SNRPN', 'TASOR2', 'ASF1B', 'EME1', 'ACOT9', 'ZDHHC24', 'LHX9']"
28.0,5.0,5.0,3402.0,0.8484848484848485,0.8484848484848485,0.8484848484848486,0.8470172817105602,0.8,0.85,0.8484848484848485,"['UBE2I', 'HSPA5', 'EHMT2', 'KRAS', 'MET', 'CD44', 'CDC73', 'HCFC1', 'LPAR1', 'ASMTL', 'NECTIN4', 'TSC2', 'FXYD6', 'CEBPD', 'WT1', 'CTNNA1', 'H1-0', 'ACP5', 'ADAM21', 'SPRY4', 'IFI30', 'ATP1B1', 'ASXL2', 'EHD3', 'SYNGR1', 'CASP7', 'HOXA9', 'RASGRP1']","['GRB2', 'SYNCRIP', 'MEOX2', 'HSCB', 'EGFR']","['FYN', 'PBX4', 'LIMK2', 'SLX9', 'CGGBP1']"
29.0,4.0,4.0,3403.0,0.8787878787878788,0.8787878787878788,0.8787878787878788,0.8776138253684482,0.9333333333333333,0.85,0.8787878787878788,"['APP', 'PIK3R1', 'CCT4', 'HMOX1', 'INS', 'RAC1', 'NDUFA11', 'ITGB1', 'AVP', 'TNF', 'IL1R1', 'ATP2A2', 'DRD4', 'NPR1', 'AVPR2', 'C17orf97', 'BAMBI', 'NRIP1', 'ATP2A1', 'GPX4', 'XDH', 'NOX1', 'ACE', 'KAT8', 'RETN', 'APCS', 'CS', 'GDF15', 'CYBB']","['SLC9A3R1', 'SMAD7', 'ESR1', 'EGFR']","['ADRB3', 'COP1', 'PLOD1', 'ITGA9']"
16.0,1.0,0.0,3423.0,0.9411764705882353,1.0,0.9696969696969697,0.9700008217947925,1.0,0.8,1.0,"['TP53', 'ESR1', 'ATM', 'IKZF1', 'SOCS1', 'CBFA2T2', 'RUNX1', 'HCK', 'CYP1A2', 'BCCIP', 'NOC4L', 'CEBPE', 'NOTCH2', 'NAT2', 'CYP2C8', 'EPHX1']",['NAP1L2'],[]
33.0,4.0,0.0,3403.0,0.8918918918918919,1.0,0.9428571428571428,0.9438457305971426,0.8666666666666667,0.9,0.8787878787878788,"['APP', 'MEOX2', 'ALB', 'AGT', 'MVP', 'SIRT1', 'NDUFA11', 'SELENOF', 'AVP', 'TBX20', 'TNNI3', 'ESS2', 'PRDX6', 'EDNRA', 'GCG', 'VEGFA', 'PLAT', 'CXCL2', 'PRKAR2B', 'SERPINE1', 'TLR2', 'NR3C2', 'RBP4', 'CCN2', 'ACE', 'ACLY', 'PRL', 'DSTN', 'ADRA2C', 'NOX4', 'SOD3', 'CIDEA', 'IFNG']","['WDR5', 'CAMK2A', 'HSP90AB1', 'ZNF101']",[]
36.0,6.0,4.0,3394.0,0.8571428571428571,0.9,0.8780487804878048,0.8768458228216167,0.8666666666666667,0.85,0.85,"['APP', 'H2BC9', 'MFF', 'CAV1', 'TTN', 'CALM2', 'NR3C1', 'RABIF', 'NEBL', 'NOS3', 'DES', 'CLDN10', 'MBD5', 'XPO7', 'MYOT', 'LRIG1', 'SGCA', 'MYOZ1', 'NPPB', 'CYTH1', 'ARMH3', 'HSPG2', 'PHLDA1', 'MYPN', 'DPF3', 'NACA', 'FBXO32', 'ACE', 'USP34', 'PRRX1', 'EDN1', 'AKAP6', 'XXYLT1', 'MYO18B', 'SSPN', 'RPL3L']","['TRIM25', 'YWHAQ', 'TTF2', 'FIBP', 'SNW1', 'H1-5']","['UBQLN1', 'YAP1', 'FGFR1', 'PNMA3']"
21.0,3.0,3.0,3413.0,0.875,0.875,0.875,0.8741217798594848,0.8666666666666667,0.9,0.875,"['GRB2', 'FN1', 'SNX27', 'TNC', 'TNF', 'CLU', 'PPARG', 'CYP2C18', 'ORM1', 'AVP', 'HP', 'TFF3', 'BDKRB2', 'CCR5', 'SP110', 'IL6', 'UGT1A1', 'GC', 'AMBP', 'CST3', 'HBEGF']","['FHL3', 'DDB1', 'PXK']","['HOXA1', 'FXR2', 'RNF113A']"
19.0,2.0,2.0,3417.0,0.9047619047619048,0.9047619047619048,0.9047619047619048,0.9041769383974707,0.9333333333333333,0.9,0.9047619047619048,"['UBB', 'MYC', 'SAE1', 'GRPR', 'LEPR', 'GOLM1', 'ESRRG', 'NDN', 'F2R', 'TLR4', 'FOXA1', 'CYCS', 'POMC', 'HHEX', 'SIRT7', 'ANGPTL4', 'SERPINE1', 'GPD1L', 'GPT']","['WAC', 'CUL3']","['CYP7B1', 'SH2D4A']"
17.0,3.0,0.0,3420.0,0.85,1.0,0.9189189189189189,0.9215503455802556,0.8666666666666667,0.85,0.8235294117647058,"['NEK4', 'H4-16', 'HDAC2', 'TCF4', 'MBD3', 'CASP8', 'B3GAT1', 'BRCA2', 'COL4A2', 'BCL2L11', 'MBD2', 'EPHB2', 'LUM', 'RFX7', 'UHRF1BP1', 'RNF43', 'FBRSL1']","['KRTAP2-4', 'SGTA', 'GOT2']",[]
14.0,0.0,3.0,3423.0,1.0,0.8235294117647058,0.9032258064516129,0.9070878031825806,0.9333333333333333,0.7,0.8235294117647058,"['JAK2', 'PTPN11', 'FANCC', 'FGB', 'TAL1', 'SMAD1', 'JPH1', 'BMI1', 'ATRX', 'ZRSR2', 'CDKN2B', 'SMPD3', 'LYL1', 'CTC1']",[],"['KRT31', 'FOS', 'TIAM1']"
33.0,7.0,7.0,3393.0,0.825,0.825,0.825,0.8229411764705883,0.8,0.8,0.825,"['H1-2', 'GSC2', 'CSNK2A1', 'UBQLN4', 'CDKN1A', 'PTPN12', 'TTN', 'RPS2', 'NCOA2', 'SNRNP27', 'SMAD7', 'NEBL', 'SOX5', 'ASXL2', 'KCNA5', 'LHX3', 'SORL1', 'CLDN10', 'KDM2A', 'MYOZ1', 'SCN5A', 'SCMH1', 'NUCKS1', 'HSPG2', 'WNT3', 'SUN1', 'GYPC', 'KCNE2', 'SELE', 'CEP68', 'TNFSF12', 'EDN1', 'RPL3L']","['LMNA', 'TNF', 'YWHAB', 'CLDN7', 'CCDC196', 'TRAF2', 'SPRED1']","['LARP7', 'NDUFA9', 'EPB41L2', 'RPS18', 'H2AC20', 'TSPAN33', 'DECR1']"
31.0,6.0,5.0,3398.0,0.8378378378378378,0.8611111111111112,0.8493150684931507,0.8477806543249935,0.6666666666666666,0.75,0.8333333333333334,"['FOS', 'JUN', 'PIK3R2', 'SLC39A9', 'OTX2', 'NDEL1', 'FCGR1A', 'PLK2', 'CTTN', 'MAFF', 'AVL9', 'FOXP1', 'GMPR', 'CD14', 'TFDP1', 'CD83', 'MS4A4A', 'GP1BA', 'HERPUD2', 'CTLA4', 'C9orf72', 'THBS1', 'RERE', 'KCNJ15', 'TFPI', 'RHOBTB1', 'SIK1', 'PCYT1B', 'TREML1', 'MAML2', 'SH3BGRL2']","['HTT', 'CUL4A', 'TP53', 'COPS5', 'HCFC1', 'CETN3']","['P2RY6', 'MUC1', 'DNAJA2', 'CYTH1', 'TSHR']"
69.0,27.0,5.0,3339.0,0.71875,0.9324324324324325,0.8117647058823529,0.8142716026827368,0.6,0.65,0.7297297297297297,"['VCAM1', 'HSPA5', 'HMGB1', 'RABAC1', 'CDK15', 'APOA1', 'TUBA1A', 'MAP1LC3B', 'CLU', 'FIS1', 'GK', 'E2F1', 'ABI1', 'GRPR', 'QDPR', 'SGF29', 'ECHS1', 'IL1RAP', 'ACTN4', 'DMD', 'FGA', 'F7', 'HMOX1', 'HMGB3', 'NR1H3', 'PRKCD', 'TMED9', 'ATG5', 'SELENBP1', 'GSTM2', 'FASN', 'ATG13', 'C2orf50', 'NR1I2', 'PCYT1A', 'TGFBR1', 'PLG', 'CAT', 'KNG1', 'SULT1E1', 'CFAP20', 'JUND', 'PRSS2', 'PDLIM5', 'CSF3', 'FADS1', 'GSTM1', 'MCCC1', 'EDEM1', 'CYP2C19', 'FMO3', 'PUM1', 'ADAM8', 'PDK4', 'CYP2B6', 'CDC25B', 'SORD', 'FADS2', 'GGH', 'PYGL', 'BDH1', 'ABCC1', 'RIPK3', 'S100A11', 'IL1A', 'DSC2', 'ALDH9A1', 'GSR', 'DGAT2']","['HTT', 'CUL3', 'YWHAG', 'ATXN1', 'CDC5L', 'YWHAZ', 'TCTN2', 'HDAC1', 'NOTCH2NLA', 'KAT5', 'FXR1', 'TRIM27', 'DNAJC11', 'GTF2F2', 'MYH9', 'ARRB2', 'BCAT1', 'MDFI', 'IMPA2', 'COPE', 'MASP1', 'MBD4', 'STAT3', 'CSN2', 'VHL', 'HSD17B10', 'TCF4']","['PSME1', 'BRD1', 'SLC27A2', 'DYRK2', 'ALDH1B1']"
14.0,1.0,1.0,3424.0,0.9333333333333333,0.9333333333333333,0.9333333333333333,0.9330413625304136,0.9333333333333333,0.75,0.9333333333333333,"['PF4', 'TNFAIP6', 'CCL2', 'IL17A', 'CCL17', 'IL1R1', 'EGR1', 'MYD88', 'SIRT1', 'TGFB1', 'IL1B', 'CCL4', 'CXCR3', 'AGT']",['IL4R'],['IFNG']
32.0,10.0,4.0,3394.0,0.7619047619047619,0.8888888888888888,0.8205128205128205,0.820955239445222,0.6666666666666666,0.6,0.7222222222222222,"['MYH9', 'ATN1', 'TNFAIP6', 'TNFSF13B', 'WWOX', 'SLC39A9', 'RNF181', 'H2AC8', 'OSM', 'FCGR1A', 'TUBB2A', 'LBP', 'CXCR2', 'SLC22A16', 'CD83', 'MYZAP', 'STIM1', 'NR4A2', 'PACSIN2', 'ACP3', 'BTG1', 'ITGA2B', 'TFPI', 'SIPA1L1', 'RHOBTB1', 'MAP2', 'AREG', 'ZFAND3', 'AOPEP', 'SLC2A3', 'KAT6B', 'STAB1']","['CUL3', 'ENG', 'GRB2', 'MYC', 'COPS5', 'ESR1', 'GATA1', 'BRAF', 'CDC5L', 'VCAM1']","['VENTX', 'VPS26B', 'CAB39', 'SWAP70']"
63.0,27.0,11.0,3339.0,0.7,0.8513513513513513,0.7682926829268292,0.7665258179138307,0.6666666666666666,0.7,0.7297297297297297,"['HSPA5', 'VCP', 'HLA-DQA1', 'RABAC1', 'CDK15', 'CCT3', 'HERC3', 'ENO1', 'LGALS3', 'CYP2C9', 'IMMT', 'SLC15A1', 'APOE', 'RDH13', 'E2F1', 'ZDHHC23', 'SIRPA', 'LCN2', 'CXCL10', 'REEP5', 'SGSM3', 'NME2', 'SUOX', 'HADHA', 'DEFA6', 'ACTR3', 'DBT', 'WASL', 'NR5A2', 'TMED9', 'PGM1', 'FASN', 'PCYT1A', 'BDKRB2', 'TGFBR1', 'CAT', 'SLC13A4', 'CFAP20', 'DCLRE1C', 'ATP6V1D', 'JUND', 'FMO3', 'HAO2', 'LBP', 'GCLC', 'ACOX3', 'CYP2B6', 'SESN2', 'SULT1C3', 'PC', 'IL4', 'PCYT1B', 'NAT2', 'PAN2', 'LRAT', 'SLC10A7', 'HLA-DQB1', 'RIPK3', 'ABCC2', 'SOD3', 'GPT', 'GSR', 'AASS']","['CUL3', 'HSPA8', 'HSPB1', 'GOLT1B', 'YWHAZ', 'MKI67', 'TUBG1', 'AGR2', 'PRKN', 'AKT1', 'CUL5', 'CCL13', 'ATP6V0C', 'PDHA1', 'NR2C2', 'KRTAP10-8', 'MDFI', 'TM4SF19', 'LYPD1', 'ESR2', 'C1orf220', 'AKT1S1', 'TERF1', 'GSK3B', 'ABL1', 'H2BC9', 'PPP1CC']","['GRK4', 'MMGT1', 'NEDD4', 'CHEK1', 'HNRNPA2B1', 'NDUFS5', 'NMU', 'TXNDC16', 'DOCK9', 'DPH1', 'DCAF17']"
27.0,1.0,1.0,3411.0,0.9642857142857143,0.9642857142857143,0.9642857142857143,0.9639926310500754,1.0,1.0,0.9642857142857143,"['ZDHHC17', 'BBS1', 'USH1C', 'RD3', 'TSC1', 'BBS5', 'IFT122', 'WDR19', 'VHL', 'MKS1', 'CRYL1', 'RPE65', 'XPNPEP3', 'CC2D2A', 'NEK1', 'KIF7', 'SPATA7', 'LCA5', 'TRIM32', 'FOXH1', 'NKX2-5', 'ATXN10', 'NEK8', 'CLRN1', 'CRELD1', 'CPLANE1', 'CEP41']",['NBPF15'],['HEPACAM2']
66.0,27.0,8.0,3339.0,0.7096774193548387,0.8918918918918919,0.7904191616766468,0.7906644731677748,0.6666666666666666,0.65,0.7432432432432432,"['UBQLN2', 'VCP', 'CTNNB1', 'HMGB1', 'RABAC1', 'CDK15', 'BECN1', 'GSTM3', 'PRKDC', 'TCTN1', 'DYNLT1', 'MAP1LC3B', 'IL4R', 'ANXA2', 'RDH13', 'KRT18', 'UBA5', 'KRT8', 'MED1', 'GRPR', 'BPNT1', 'TF', 'MMP2', 'RASA1', 'NME2', 'ECHS1', 'HADHA', 'ACTN4', 'DEFA6', 'MMP9', 'CXCL10', 'COL14A1', 'GANAB', 'FGA', 'C3', 'C2orf50', 'CKB', 'SLC13A4', 'ANXA6', 'CFAP20', 'CPS1', 'AGT', 'PRSS2', 'TAGLN2', 'OGDH', 'FADS1', 'HAO2', 'VWF', 'POLG', 'GC', 'SESN2', 'SORD', 'PNP', 'CDC25B', 'IGF1', 'TMED7', 'PLS3', 'LRAT', 'HLA-DQB1', 'HACL1', 'NR1H4', 'BTD', 'EIF4EBP2', 'HAVCR1', 'GSR', 'CA3']","['GRB2', 'BRCA1', 'ERBB2', 'LNX1', 'WFS1', 'DLST', 'AGR2', 'P2RY6', 'TCTN2', 'AKT1', 'UBA1', 'TRIM27', 'RASSF10', 'ARRB2', 'HNRNPU', 'TRIM63', 'KRAS', 'SMAD3', 'PGAM1', 'H2AX', 'TMEM216', 'BICD1', 'CDKN1A', 'FHIT', 'ACOT1', 'ATF2', 'GSK3B']","['PCOLCE', 'PSMA6', 'CBWD1', 'RNF19B', 'NDUFS2', 'NSF', 'POMK', 'MGARP']"
25.0,3.0,1.0,3411.0,0.8928571428571429,0.9615384615384616,0.9259259259259259,0.9259861477210735,1.0,0.95,0.9230769230769231,"['HSP90AB1', 'LRRK2', 'RAN', 'HSPD1', 'CCR5', 'CCL2', 'CCT7', 'PSMD3', 'DUSP14', 'SIRT1', 'PSME3', 'SMARCA4', 'PSME1', 'APOA1', 'BAG3', 'SRSF1', 'ILF2', 'BAX', 'CCL3', 'NUTF2', 'KIR3DL1', 'RAB32', 'IL10', 'TRIM34', 'CCL3L1']","['GRB2', 'PTTG1IP', 'CHST3']",['OXCT2']
33.0,6.0,3.0,3398.0,0.8461538461538461,0.9166666666666666,0.8799999999999999,0.879398963340389,0.8666666666666667,0.85,0.8611111111111112,"['KRTAP10-8', 'MYH9', 'PTPRD', 'GOLM1', 'TNFAIP6', 'PIK3R2', 'IMPDH2', 'MALL', 'TCF7L2', 'PER1', 'OLR1', 'NDEL1', 'BATF2', 'EIF2B2', 'MAD1L1', 'SLC22A16', 'ITIH2', 'DYSF', 'WASF3', 'CXCL1', 'RERE', 'TFPI', 'MFN1', 'UBE3C', 'KLF4', 'JMJD1C', 'IL1RN', 'APOBEC3A', 'SIK1', 'ALOX12', 'HBEGF', 'KAT6B', 'BEND2']","['XRCC5', 'COPS5', 'CALM2', 'HECTD3', 'CDC5L', 'YWHAZ']","['PTTG1', 'DDX10', 'ZNF12']"
32.0,9.0,4.0,3395.0,0.7804878048780488,0.8888888888888888,0.8311688311688312,0.8310598175893094,0.8,0.8,0.7777777777777778,"['MAPK1', 'MYH9', 'KRTAP10-8', 'HRAS', 'ACTB', 'NINL', 'PTPRD', 'GAPDHS', 'TNFSF13B', 'MALL', 'H2AC8', 'OTX2', 'ZFC3H1', 'LBP', 'COL4A6', 'ASAP1', 'FCHSD2', 'WASF3', 'MYZAP', 'RERE', 'AQP9', 'BTG1', 'KCNJ15', 'TNFAIP8', 'R3HDM2', 'JMJD1C', 'TTLL5', 'DUSP1', 'MEX3C', 'KAT6B', 'STAB1', 'TREML1']","['CUL3', 'COPS5', 'GLMN', 'CYB5B', 'GPAA1', 'SLC20A1', 'FBXL6', 'VCAM1', 'PALMD']","['PICK1', 'ATL3', 'KRTAP15-1', 'CCDC141']"
10.0,0.0,4.0,3426.0,1.0,0.7142857142857143,0.8333333333333333,0.8446613096561174,0.7333333333333333,0.55,0.7857142857142857,"['COPS5', 'COL18A1', 'EMILIN1', 'PIAS3', 'COL4A5', 'MED12', 'MYH11', 'JAG1', 'GATA5', 'FBXO46']",[],"['COL9A2', 'ST8SIA4', 'MDH2', 'ANKRD23']"
19.0,3.0,1.0,3417.0,0.8636363636363636,0.95,0.9047619047619048,0.9052178113693152,0.8666666666666667,0.85,0.85,"['MDFI', 'ALB', 'SOD1', 'TGFB1', 'HMGB1', 'FGF2', 'SPP1', 'CD79B', 'PTX3', 'FGF1', 'IL1B', 'CCL3', 'IL6', 'DSP', 'AREG', 'SOD3', 'HGF', 'EDN1', 'CMA1']","['KRTAP10-3', 'AKAP9', 'PDGFRL']",['CENPA']
